,ISO code,Year,heat_energy_co,High,Low,dwel_area,deg_days,Country,GDP
0,AT,1990,4.8858,6.0,0.2,84.0753,3653.29,Austria,19461.99694
1,AT,1991,4.8931,6.0,0.2,84.5465,4007.59,Austria,20605.85357
2,AT,1992,5.0566,6.0,0.2,85.0993,3595.32,Austria,21281.15471
3,AT,1993,4.9303,6.0,0.2,85.536,3766.17,Austria,21720.51107
4,AT,1994,5.0382,6.0,0.2,86.1,3367.48,Austria,22629.97096
5,AT,1995,4.9445,6.0,0.2,87.4,3799.04,Austria,23684.62005
6,AT,1996,4.9014,6.0,0.2,88.2,4119.39,Austria,24553.84013
7,AT,1997,4.832,6.0,0.2,88.8,3684.86,Austria,25426.71741
8,AT,1998,5.0505,6.0,0.2,89.1,3714.68,Austria,26675.04316
9,AT,1999,5.136,6.0,0.2,89.9,3670.18,Austria,27606.48303
10,AT,2000,5.3302,6.0,0.2,90.6,3408.97,Austria,29376.01974
11,AT,2001,5.1594,6.0,0.2,91.3,3747.09,Austria,29702.79753
12,AT,2002,5.2083,6.0,0.2,91.8,3480.79,Austria,31178.69333
13,AT,2003,4.9458,6.0,0.2,93.9,3703.61,Austria,32144.24181
14,AT,2004,4.9909,6.0,0.2,96.4,3737.74,Austria,33773.82578
15,AT,2005,4.9598,6.0,0.2,96.9,3853.61,Austria,35013.71404
16,AT,2006,5.0308,6.0,0.2,97.4,3649.35,Austria,37662.18517
17,AT,2007,5.147,6.0,0.2,97.8,3363.28,Austria,39430.60917
18,AT,2008,5.1344,6.0,0.2,98.0,3444.43,Austria,41316.22518
19,AT,2009,5.0611,6.0,0.2,98.2,3504.84,Austria,40918.13212
20,AT,2010,4.8178,6.0,0.2,98.8,3905.88,Austria,42009.43853
21,AT,2011,5.0246,6.0,0.2,99.0,3409.28,Austria,44452.73275
22,AT,2012,5.0928,6.0,0.2,99.1,3552.85,Austria,46457.34578
23,AT,2013,5.2256,6.0,0.2,99.6,3635.43,Austria,47922.04912
24,AT,2014,5.3901,6.0,0.2,99.7,3126.98,Austria,48799.71547
25,AT,2015,5.378,6.0,0.2,99.2,3316.42,Austria,49865.90394
26,AT,2016,5.3763,6.0,0.2,99.3,3419.3,Austria,52684.01711
27,AT,2017,5.2913,6.0,0.2,99.6,3498.07,Austria,54172.98679
28,AT,2018,5.3251,6.0,0.2,100.1,3193.65,Austria,56960.09143
29,AT,2019,5.4059,6.0,0.2,100.0,3279.5,Austria,58076.3488
30,BG,1990,1.5175,6.2,-2.0,58.82,2526.37,Bulgaria,7547.12237
31,BG,1991,1.4513,6.2,-2.0,58.88,3003.33,Bulgaria,7214.513778
32,BG,1992,1.4955,6.2,-2.0,63.54,2735.4,Bulgaria,6916.174153
33,BG,1993,1.5396,6.2,-2.0,63.75,2885.77,Bulgaria,7031.17228
34,BG,1994,1.4955,6.2,-2.0,63.58,2486.25,Bulgaria,7336.747085
35,BG,1995,1.3033,6.2,-2.0,63.66,2779.84,Bulgaria,7738.843638
36,BG,1996,1.4579,6.2,-2.0,63.7,3039.62,Bulgaria,6846.984339
37,BG,1997,1.3287,6.2,-2.0,63.75,2937.72,Bulgaria,5750.439437
38,BG,1998,1.5095,6.2,-2.0,63.79,2692.83,Bulgaria,6177.653654
39,BG,1999,1.4649,6.2,-2.0,63.85,2478.83,Bulgaria,5807.811701
40,BG,2000,1.4283,6.2,-2.0,63.91,2481.29,Bulgaria,6421.959135
41,BG,2001,1.2675,6.2,-2.0,63.45,2525.98,Bulgaria,6958.978417
42,BG,2002,1.4366,6.2,-2.0,63.5,2522.88,Bulgaria,7786.448422
43,BG,2003,1.346,6.2,-2.0,63.55,2891.31,Bulgaria,8416.983667
44,BG,2004,1.3793,6.2,-2.0,63.6,2537.4,Bulgaria,9201.504128
45,BG,2005,1.3151,6.2,-2.0,63.67,2692.51,Bulgaria,10291.43777
46,BG,2006,1.369,6.2,-2.0,63.74,2660.51,Bulgaria,11408.11806
47,BG,2007,1.4366,6.2,-2.0,63.82,2393.19,Bulgaria,12811.35877
48,BG,2008,1.4629,6.2,-2.0,63.9,2466.82,Bulgaria,14335.7146
49,BG,2009,1.4945,6.2,-2.0,63.946,2437.31,Bulgaria,14181.15468
50,BG,2010,1.4769,6.2,-2.0,63.9991,2516.82,Bulgaria,14956.48718
51,BG,2011,1.44,6.2,-2.0,72.75,2798.59,Bulgaria,15747.08538
52,BG,2012,1.5455,6.2,-2.0,73.071,2614.0,Bulgaria,16327.87261
53,BG,2013,1.5544,6.2,-2.0,73.0983,2387.56,Bulgaria,16647.0064
54,BG,2014,1.5001,6.2,-2.0,73.13,2365.02,Bulgaria,17616.91318
55,BG,2015,1.5521,6.2,-2.0,73.1723,2371.11,Bulgaria,18391.92747
56,BG,2016,1.5719,6.2,-2.0,73.1975,2420.17,Bulgaria,20074.35539
57,BG,2017,1.5406,6.2,-2.0,73.2286,2527.59,Bulgaria,21469.94544
58,BG,2018,1.5631,6.2,-2.0,73.2693,2352.1,Bulgaria,23016.09064
59,BG,2019,1.6196,6.2,-2.0,73.3284,2152.56,Bulgaria,24497.62727
60,HR,1990,1.5304,7.4,-0.8,70.0,2346.28,,
61,HR,1991,1.46,7.4,-0.8,70.0,2804.18,,
62,HR,1992,1.4261,7.4,-0.8,70.0,2489.43,,
63,HR,1993,1.3941,7.4,-0.8,70.0,2573.6,,
64,HR,1994,1.4364,7.4,-0.8,70.482,2259.51,,
65,HR,1995,1.4572,7.4,-0.8,71.0896,2642.38,Croatia,8075.77969
66,HR,1996,1.5443,7.4,-0.8,69.8608,2877.77,Croatia,8827.541242
67,HR,1997,1.5621,7.4,-0.8,70.2059,2538.52,Croatia,9558.53881
68,HR,1998,1.5987,7.4,-0.8,70.8707,2514.58,Croatia,9910.372888
69,HR,1999,1.7236,7.4,-0.8,70.4853,2425.23,Croatia,9960.338531
70,HR,2000,1.7305,7.4,-0.8,71.6104,2119.27,Croatia,10683.60352
71,HR,2001,1.7501,7.4,-0.8,74.4,2358.02,Croatia,11655.64408
72,HR,2002,1.868,7.4,-0.8,75.1,2179.12,Croatia,12769.77529
73,HR,2003,1.7908,7.4,-0.8,75.8,2569.42,Croatia,13682.12212
74,HR,2004,1.8406,7.4,-0.8,76.5,2464.57,Croatia,14675.26145
75,HR,2005,1.7967,7.4,-0.8,77.2,2684.01,Croatia,15436.64441
76,HR,2006,1.8285,7.4,-0.8,77.9,2408.49,Croatia,17595.75721
77,HR,2007,1.8621,7.4,-0.8,78.6,2208.64,Croatia,19493.23508
78,HR,2008,1.8353,7.4,-0.8,79.3,2214.64,Croatia,20921.54056
79,HR,2009,1.8561,7.4,-0.8,80.0,2273.67,Croatia,20149.50957
80,HR,2010,1.776,7.4,-0.8,80.7,2521.22,Croatia,19967.21373
81,HR,2011,1.8174,7.4,-0.8,80.9,2359.44,Croatia,21014.7388
82,HR,2012,1.7621,7.4,-0.8,81.6,2355.07,Croatia,21397.48678
83,HR,2013,1.7311,7.4,-0.8,82.3,2290.0,Croatia,22081.09779
84,HR,2014,1.8459,7.4,-0.8,83.0,1885.28,Croatia,22325.07659
85,HR,2015,1.7782,7.4,-0.8,83.7,2246.21,Croatia,23301.27286
86,HR,2016,1.714,7.4,-0.8,84.4,2264.65,Croatia,25210.98297
87,HR,2017,1.6797,7.4,-0.8,85.1,2323.22,Croatia,27154.08469
88,HR,2018,1.6946,7.4,-0.8,85.8,2139.52,Croatia,28877.23828
89,HR,2019,1.697,7.4,-0.8,86.5,2076.47,Croatia,30543.93375
90,CZ,1990,6.0091,3.8,-2.6,61.0038,3302.92,Czechia,12717.96987
91,CZ,1991,5.0449,3.8,-2.6,62.1702,3746.58,Czechia,11648.85354
92,CZ,1992,5.0049,3.8,-2.6,63.3203,3370.68,Czechia,11841.85562
93,CZ,1993,4.6303,3.8,-2.6,64.4539,3577.73,Czechia,12117.44965
94,CZ,1994,5.0423,3.8,-2.6,65.5712,3269.88,Czechia,12731.67043
95,CZ,1995,4.7921,3.8,-2.6,66.683,3579.79,Czechia,13852.1499
96,CZ,1996,4.8654,3.8,-2.6,67.7645,4116.32,Czechia,14685.69353
97,CZ,1997,5.0485,3.8,-2.6,68.8294,3640.37,Czechia,14824.65952
98,CZ,1998,4.8883,3.8,-2.6,69.8778,3427.02,Czechia,14977.72206
99,CZ,1999,5.0026,3.8,-2.6,70.9097,3312.24,Czechia,15396.31178
100,CZ,2000,5.1661,3.8,-2.6,71.9251,3097.45,Czechia,16235.48063
101,CZ,2001,5.1052,3.8,-2.6,71.862,3560.09,Czechia,17621.05413
102,CZ,2002,5.1863,3.8,-2.6,71.7974,3273.97,Czechia,18252.57277
103,CZ,2003,5.1202,3.8,-2.6,71.7288,3460.67,Czechia,19538.0704
104,CZ,2004,4.993,3.8,-2.6,71.656,3470.78,Czechia,20932.07842
105,CZ,2005,4.7148,3.8,-2.6,75.8,3550.0,Czechia,22095.38785
106,CZ,2006,4.9549,3.8,-2.6,76.0,3430.32,Czechia,23923.70388
107,CZ,2007,4.8712,3.8,-2.6,76.05,3180.25,Czechia,26282.37549
108,CZ,2008,4.9089,3.8,-2.6,76.6,3210.66,Czechia,27974.48713
109,CZ,2009,4.8669,3.8,-2.6,77.28,3333.48,Czechia,27761.50915
110,CZ,2010,4.9852,3.8,-2.6,77.414,3828.88,Czechia,27881.968
111,CZ,2011,5.1611,3.8,-2.6,76.8579,3234.6,Czechia,29001.36804
112,CZ,2012,5.1608,3.8,-2.6,77.652,3399.61,Czechia,29254.73127
113,CZ,2013,5.1281,3.8,-2.6,78.227,3514.82,Czechia,30818.10816
114,CZ,2014,5.1763,3.8,-2.6,78.802,2919.87,Czechia,32502.47535
115,CZ,2015,5.0606,3.8,-2.6,79.377,3090.62,Czechia,33899.28657
116,CZ,2016,4.9632,3.8,-2.6,80.3309,3247.67,Czechia,36097.70526
117,CZ,2017,4.9483,3.8,-2.6,80.0737,3311.5,Czechia,38824.88792
118,CZ,2018,5.2997,3.8,-2.6,80.4,2995.64,Czechia,41135.49298
119,CZ,2019,5.2657,3.8,-2.6,80.7484,2998.07,Czechia,42847.00474
120,DK,1990,3.9246,4.6,-0.4,107.0,3084.85,Denmark,18233.9461
121,DK,1991,3.8053,4.6,-0.4,106.8,3502.41,Denmark,19063.7439
122,DK,1992,3.8827,4.6,-0.4,106.9,3148.59,Denmark,19814.14336
123,DK,1993,3.8204,4.6,-0.4,107.0,3572.27,Denmark,20218.49904
124,DK,1994,3.9395,4.6,-0.4,107.0,3421.25,Denmark,21678.08448
125,DK,1995,3.9037,4.6,-0.4,107.4,3549.28,Denmark,22684.25267
126,DK,1996,3.6839,4.6,-0.4,107.6,4035.52,Denmark,23734.83156
127,DK,1997,3.9681,4.6,-0.4,107.9,3490.29,Denmark,24928.40293
128,DK,1998,3.9544,4.6,-0.4,108.2,3410.83,Denmark,25814.05912
129,DK,1999,3.9654,4.6,-0.4,108.5,3202.85,Denmark,26653.8239
130,DK,2000,3.9007,4.6,-0.4,108.8,3112.07,Denmark,28658.12496
131,DK,2001,3.7345,4.6,-0.4,108.9,3494.43,Denmark,29437.31034
132,DK,2002,3.8861,4.6,-0.4,108.9,3189.34,Denmark,30640.34562
133,DK,2003,3.8484,4.6,-0.4,109.3,3325.61,Denmark,30820.38922
134,DK,2004,3.8531,4.6,-0.4,109.5,3309.22,Denmark,32938.6921
135,DK,2005,3.9087,4.6,-0.4,109.8479,3261.34,Denmark,34150.15946
136,DK,2006,4.0442,4.6,-0.4,110.0552,3084.26,Denmark,37334.39016
137,DK,2007,4.1128,4.6,-0.4,110.5724,3000.97,Denmark,39006.20232
138,DK,2008,4.0291,4.6,-0.4,110.9511,3019.35,Denmark,41278.32683
139,DK,2009,3.8203,4.6,-0.4,111.5012,3230.76,Denmark,40331.40688
140,DK,2010,3.6421,4.6,-0.4,111.4269,3982.16,Denmark,43003.05459
141,DK,2011,3.9497,4.6,-0.4,117.3088,3148.45,Denmark,44403.38484
142,DK,2012,3.6346,4.6,-0.4,117.5747,3424.15,Denmark,44803.96824
143,DK,2013,3.6636,4.6,-0.4,117.8527,3396.28,Denmark,46726.85414
144,DK,2014,3.9209,4.6,-0.4,118.0464,2834.98,Denmark,47901.44736
145,DK,2015,3.9063,4.6,-0.4,118.3508,3114.15,Denmark,49045.33919
146,DK,2016,3.9201,4.6,-0.4,118.6084,3141.46,Denmark,51976.00571
147,DK,2017,3.8537,4.6,-0.4,118.8084,3112.11,Denmark,55356.68078
148,DK,2018,3.8688,4.6,-0.4,118.4042,3048.54,Denmark,57482.9624
149,DK,2019,3.8026,4.6,-0.4,118.4543,3026.8,Denmark,58700.97467
150,EE,1995,0.7142,0.4,-5.0,58.5575,4217.99,Estonia,6476.327722
151,EE,1996,0.7268,0.4,-5.0,58.6218,4826.67,Estonia,6889.810061
152,EE,1997,0.7907,0.4,-5.0,58.7266,4451.34,Estonia,7979.377726
153,EE,1998,0.6806,0.4,-5.0,58.8539,4485.82,Estonia,8450.577598
154,EE,1999,0.6502,0.4,-5.0,58.9297,4169.2,Estonia,8412.066776
155,EE,2000,0.66,0.4,-5.0,60.0225,3904.14,Estonia,9421.291423
156,EE,2001,0.6088,0.4,-5.0,60.074,4356.83,Estonia,10314.26282
157,EE,2002,0.596,0.4,-5.0,60.1285,4277.7,Estonia,11663.2715
158,EE,2003,0.5745,0.4,-5.0,60.1988,4436.75,Estonia,13132.58072
159,EE,2004,0.5776,0.4,-5.0,60.3099,4338.2,Estonia,14536.34741
160,EE,2005,0.5614,0.4,-5.0,60.4577,4331.94,Estonia,16634.89274
161,EE,2006,0.5757,0.4,-5.0,60.5907,4173.78,Estonia,19345.31471
162,EE,2007,0.6331,0.4,-5.0,60.7333,4056.17,Estonia,22195.19759
163,EE,2008,0.6431,0.4,-5.0,60.9423,3882.35,Estonia,22802.34218
164,EE,2009,0.5895,0.4,-5.0,61.153,4318.15,Estonia,20477.85243
165,EE,2010,0.5634,0.4,-5.0,61.3372,4887.23,Estonia,21619.45455
166,EE,2011,0.6015,0.4,-5.0,61.4728,4084.0,Estonia,24557.23615
167,EE,2012,0.5607,0.4,-5.0,61.6145,4579.62,Estonia,25996.04678
168,EE,2013,0.5906,0.4,-5.0,61.5402,4154.32,Estonia,27464.51868
169,EE,2014,0.556,0.4,-5.0,62.2,4143.17,Estonia,28945.46533
170,EE,2015,0.5834,0.4,-5.0,62.2159,3795.56,Estonia,29175.92593
171,EE,2016,0.5811,0.4,-5.0,62.2175,4208.45,Estonia,31312.7523
172,EE,2017,0.5772,0.4,-5.0,62.3022,4209.57,Estonia,33821.93291
173,EE,2018,0.5976,0.4,-5.0,61.5093,4064.64,Estonia,36249.35815
174,EE,2019,0.6251,0.4,-5.0,62.4,3883.05,Estonia,37851.30077
175,FI,1995,2.8857,-0.2,-6.0,93.5867,5648.63,Finland,19576.56812
176,FI,1996,2.8626,-0.2,-6.0,93.7558,5877.82,Finland,20082.33823
177,FI,1997,2.9143,-0.2,-6.0,95.0906,5735.31,Finland,21794.48665
178,FI,1998,2.9842,-0.2,-6.0,95.3121,6007.95,Finland,23576.94603
179,FI,1999,3.0556,-0.2,-6.0,96.1912,5667.04,Finland,24767.28067
180,FI,2000,3.2193,-0.2,-6.0,95.7688,5211.69,Finland,26784.70647
181,FI,2001,3.1269,-0.2,-6.0,95.958,5766.64,Finland,27795.67493
182,FI,2002,3.1469,-0.2,-6.0,95.9834,5736.48,Finland,28605.12232
183,FI,2003,3.239,-0.2,-6.0,96.2946,5665.7,Finland,29051.48643
184,FI,2004,3.2885,-0.2,-6.0,96.6785,5561.61,Finland,31201.73494
185,FI,2005,3.3794,-0.2,-6.0,98.0895,5295.38,Finland,32051.794
186,FI,2006,3.4408,-0.2,-6.0,98.6485,5442.56,Finland,34455.10533
187,FI,2007,3.5431,-0.2,-6.0,98.6966,5321.96,Finland,37838.34019
188,FI,2008,3.6073,-0.2,-6.0,99.1034,5332.63,Finland,40083.69727
189,FI,2009,3.5167,-0.2,-6.0,99.9043,5608.3,Finland,37972.27005
190,FI,2010,3.4902,-0.2,-6.0,99.5232,6179.75,Finland,38956.47222
191,FI,2011,3.5022,-0.2,-6.0,99.8569,5239.13,Finland,40916.83858
192,FI,2012,3.4942,-0.2,-6.0,100.2038,5839.92,Finland,40873.09533
193,FI,2013,3.5172,-0.2,-6.0,100.127,5238.58,Finland,41493.14165
194,FI,2014,3.5382,-0.2,-6.0,101.0845,5237.14,Finland,41757.40219
195,FI,2015,3.6882,-0.2,-6.0,101.6647,5014.74,Finland,42497.70498
196,FI,2016,3.5282,-0.2,-6.0,101.6332,5325.9,Finland,44934.44821
197,FI,2017,3.4446,-0.2,-6.0,101.7072,5508.23,Finland,47570.13358
198,FI,2018,3.4512,-0.2,-6.0,101.5587,5349.59,Finland,49580.6052
199,FI,2019,3.3987,-0.2,-6.0,101.7,5482.97,Finland,50321.53969
200,FR,1990,30.9508,10.8,4.04,85.71,2335.26,France,17642.07214
201,FR,1991,30.5713,10.8,4.04,86.0741,2731.9,France,18328.01308
202,FR,1992,30.9636,10.8,4.04,86.4405,2549.79,France,18951.04355
203,FR,1993,30.9372,10.8,4.04,86.8045,2588.69,France,19194.93561
204,FR,1994,31.7335,10.8,4.04,87.1614,2263.02,France,19992.61582
205,FR,1995,31.2962,10.8,4.04,87.5191,2422.45,France,20766.70164
206,FR,1996,30.3748,10.8,4.04,87.8966,2708.36,France,21352.88199
207,FR,1997,30.8596,10.8,4.04,88.1546,2300.16,France,22243.73435
208,FR,1998,31.3609,10.8,4.04,88.4267,2471.7,France,23359.44873
209,FR,1999,32.1364,10.8,4.04,88.711,2351.43,France,24307.50281
210,FR,2000,32.4907,10.8,4.04,88.9762,2270.83,France,26090.63447
211,FR,2001,32.2787,10.8,4.04,89.248,2412.55,France,27490.05173
212,FR,2002,32.9139,10.8,4.04,89.6485,2210.01,France,28523.88619
213,FR,2003,31.1931,10.8,4.04,90.0544,2374.08,France,28172.69565
214,FR,2004,31.2304,10.8,4.04,90.4587,2502.78,France,29060.45099
215,FR,2005,30.8404,10.8,4.04,90.8572,2506.25,France,30498.57688
216,FR,2006,30.625,10.8,4.04,91.2534,2315.45,France,32468.54158
217,FR,2007,30.9015,10.8,4.04,91.2197,2264.04,France,34121.34388
218,FR,2008,29.6395,10.8,4.04,91.191,2442.65,France,35095.26568
219,FR,2009,29.1347,10.8,4.04,91.1446,2384.93,France,34678.06232
220,FR,2010,28.5421,10.8,4.04,91.0776,2756.06,France,35902.90311
221,FR,2011,28.7643,10.8,4.04,91.0132,2057.49,France,37440.63347
222,FR,2012,28.2487,10.8,4.04,90.9346,2439.28,France,37679.11891
223,FR,2013,27.4355,10.8,4.04,90.8495,2637.51,France,39523.85515
224,FR,2014,27.2904,10.8,4.04,90.7613,2080.89,France,40144.02683
225,FR,2015,27.6425,10.8,4.04,90.6735,2255.7,France,40849.99738
226,FR,2016,26.9109,10.8,4.04,90.5702,2397.9,France,42924.61363
227,FR,2017,26.6821,10.8,4.04,90.4766,2336.0,France,44577.06457
228,FR,2018,27.4718,10.8,4.04,90.382,2181.92,France,46576.60185
229,FR,2019,25.9227,10.8,4.04,90.2878,2246.95,France,49072.36383
230,DE,1991,42.1171,6.05,-0.25,82.1,3403.08,Germany,20984.24987
231,DE,1992,43.279,6.05,-0.25,82.2,3106.43,Germany,21709.50134
232,DE,1993,44.7098,6.05,-0.25,82.3,3297.91,Germany,21862.80218
233,DE,1994,46.6222,6.05,-0.25,83.5,3004.46,Germany,22784.58147
234,DE,1995,45.7591,6.05,-0.25,83.6,3264.5,Germany,23552.25332
235,DE,1996,44.3501,6.05,-0.25,83.7,3822.29,Germany,24071.8978
236,DE,1997,49.8338,6.05,-0.25,83.8,3228.41,Germany,24572.68842
237,DE,1998,49.2984,6.05,-0.25,84.0,3135.18,Germany,25345.06446
238,DE,1999,47.5384,6.05,-0.25,84.3,3003.63,Germany,26291.21108
239,DE,2000,48.697,6.05,-0.25,84.6,2842.27,Germany,27199.04409
240,DE,2001,49.8824,6.05,-0.25,84.8,3216.74,Germany,28368.54328
241,DE,2002,49.5818,6.05,-0.25,85.0,3052.98,Germany,29178.63747
242,DE,2003,48.9581,6.05,-0.25,85.3,3221.84,Germany,29908.13953
243,DE,2004,43.8428,6.05,-0.25,85.6,3174.13,Germany,31333.8363
244,DE,2005,43.8535,6.05,-0.25,85.8048,3149.06,Germany,31794.09601
245,DE,2006,45.3678,6.05,-0.25,86.1,3024.04,Germany,34160.34493
246,DE,2007,37.7004,6.05,-0.25,86.3,2820.38,Germany,36287.48224
247,DE,2008,42.0144,6.05,-0.25,86.4,2985.84,Germany,37802.38743
248,DE,2009,41.1475,6.05,-0.25,86.6,3081.38,Germany,36815.84405
249,DE,2010,40.0756,6.05,-0.25,90.9,3635.4,Germany,38952.6946
250,DE,2011,39.0186,6.05,-0.25,91.1,2873.02,Germany,42541.53109
251,DE,2012,37.7545,6.05,-0.25,91.2,3130.93,Germany,43359.61483
252,DE,2013,39.7881,6.05,-0.25,91.3,3289.06,Germany,44993.89275
253,DE,2014,37.7523,6.05,-0.25,91.4,2659.0,Germany,47011.55109
254,DE,2015,38.1317,6.05,-0.25,91.6,2908.42,Germany,47609.781
255,DE,2016,39.0683,6.05,-0.25,91.7,3009.02,Germany,50579.68393
256,DE,2017,37.8357,6.05,-0.25,91.75,2965.83,Germany,53071.45557
257,DE,2018,39.1285,6.05,-0.25,91.84,2774.95,Germany,55235.3663
258,DE,2019,40.1782,6.05,-0.25,91.9335,2800.81,Germany,55652.88749
259,GR,1990,2.2406,15.6,8.6,85.0,1636.03,Greece,13304.47475
260,GR,1991,1.9432,15.6,8.6,85.0,1953.12,Greece,14011.60828
261,GR,1992,1.9397,15.6,8.6,85.0,1834.12,Greece,14321.40783
262,GR,1993,1.9657,15.6,8.6,85.0,1813.7,Greece,14341.68239
263,GR,1994,2.227,15.6,8.6,85.0,1596.12,Greece,14866.27328
264,GR,1995,2.1856,15.6,8.6,85.0,1715.02,Greece,15424.47209
265,GR,1996,2.6137,15.6,8.6,85.0,1804.68,Greece,16145.44791
266,GR,1997,2.6873,15.6,8.6,85.0,1821.25,Greece,17155.93519
267,GR,1998,3.0053,15.6,8.6,85.0,1690.09,Greece,18033.79597
268,GR,1999,3.1196,15.6,8.6,85.0,1563.01,Greece,18464.73208
269,GR,2000,3.2098,15.6,8.6,85.0,1661.02,Greece,19516.19722
270,GR,2001,3.4779,15.6,8.6,85.0,1593.33,Greece,20954.78185
271,GR,2002,3.7135,15.6,8.6,85.0,1549.11,Greece,22615.93561
272,GR,2003,3.7775,15.6,8.6,85.0,1747.33,Greece,23896.6057
273,GR,2004,3.5059,15.6,8.6,86.6,1594.93,Greece,25460.45274
274,GR,2005,3.4236,15.6,8.6,86.8,1691.44,Greece,25577.52411
275,GR,2006,3.2435,15.6,8.6,87.0,1749.23,Greece,28549.15174
276,GR,2007,3.716,15.6,8.6,87.2,1546.7,Greece,29320.26482
277,GR,2008,3.5968,15.6,8.6,87.4,1498.82,Greece,30856.01184
278,GR,2009,3.4222,15.6,8.6,87.6,1496.91,Greece,30359.14946
279,GR,2010,3.6912,15.6,8.6,87.8,1390.85,Greece,27913.08919
280,GR,2011,3.1468,15.6,8.6,88.0,1796.64,Greece,25671.51609
281,GR,2012,3.0045,15.6,8.6,88.0,1654.99,Greece,24911.11963
282,GR,2013,2.3816,15.6,8.6,88.0,1439.27,Greece,25986.65032
283,GR,2014,2.5482,15.6,8.6,88.0,1397.47,Greece,26625.06181
284,GR,2015,2.852,15.6,8.6,88.0,1572.95,Greece,26760.3633
285,GR,2016,2.7464,15.6,8.6,88.0,1458.36,Greece,27511.80102
286,GR,2017,2.593,15.6,8.6,88.0,1612.13,Greece,28604.86094
287,GR,2018,2.6518,15.6,8.6,88.0,1371.74,Greece,29617.54834
288,GR,2019,2.6929,15.6,8.6,88.0,1448.99,Greece,30356.2664
289,HU,1991,4.4404,6.2,0.2,75.0,3130.6,Hungary,8320.833632
290,HU,1992,4.2432,6.2,0.2,75.2308,2803.79,Hungary,8252.911224
291,HU,1993,3.8542,6.2,0.2,75.4615,2985.79,Hungary,8409.444993
292,HU,1994,4.0692,6.2,0.2,75.6923,2645.22,Hungary,8854.265662
293,HU,1995,3.8356,6.2,0.2,75.9231,2922.39,Hungary,9187.364597
294,HU,1996,3.5035,6.2,0.2,76.1538,3222.79,Hungary,9349.707499
295,HU,1997,3.3684,6.2,0.2,76.3846,3064.8,Hungary,9824.840805
296,HU,1998,3.2388,6.2,0.2,76.6154,2909.2,Hungary,10398.10217
297,HU,1999,3.4377,6.2,0.2,76.8462,2833.35,Hungary,10873.24786
298,HU,2000,3.6733,6.2,0.2,75.0,2502.95,Hungary,11853.17852
299,HU,2001,3.5181,6.2,0.2,75.0,2856.12,Hungary,13207.92217
300,HU,2002,4.1006,6.2,0.2,76.0,2650.18,Hungary,14526.38826
301,HU,2003,4.1341,6.2,0.2,78.0,3110.57,Hungary,15481.32011
302,HU,2004,3.8704,6.2,0.2,78.0,2892.42,Hungary,16272.00583
303,HU,2005,4.031,6.2,0.2,78.0,3042.39,Hungary,17112.20217
304,HU,2006,4.2856,6.2,0.2,78.0,2825.8,Hungary,18389.41028
305,HU,2007,3.8915,6.2,0.2,78.0,2572.6,Hungary,19099.85171
306,HU,2008,3.9264,6.2,0.2,78.0,2553.43,Hungary,20727.88997
307,HU,2009,3.9044,6.2,0.2,78.0,2618.66,Hungary,20729.78393
308,HU,2010,4.6956,6.2,0.2,78.0,2950.73,Hungary,21751.83384
309,HU,2011,4.9805,6.2,0.2,78.0,2815.26,Hungary,23038.80802
310,HU,2012,4.9538,6.2,0.2,78.0,2768.77,Hungary,23275.23186
311,HU,2013,4.9393,6.2,0.2,78.0,2688.69,Hungary,24556.71535
312,HU,2014,4.8913,6.2,0.2,79.0,2277.68,Hungary,25699.7505
313,HU,2015,4.837,6.2,0.2,80.4,2598.04,Hungary,26806.59525
314,HU,2016,4.8682,6.2,0.2,82.0,2707.02,Hungary,27947.63769
315,HU,2017,4.917,6.2,0.2,82.0,2742.93,Hungary,29501.12042
316,HU,2018,4.8357,6.2,0.2,82.0,2468.7,Hungary,31913.07466
317,HU,2019,4.7966,6.2,0.2,82.0,2381.22,Hungary,33514.94179
318,IE,1995,1.6971,8.8,3.0,100.6527,2667.66,Ireland,18934.28128
319,IE,1996,1.6677,8.8,3.0,100.9733,2934.93,Ireland,20475.46148
320,IE,1997,1.8595,8.8,3.0,101.455,2546.37,Ireland,22636.27018
321,IE,1998,2.0247,8.8,3.0,102.0421,2612.13,Ireland,25092.51361
322,IE,1999,1.9657,8.8,3.0,102.7403,2653.79,Ireland,27041.34742
323,IE,2000,1.897,8.8,3.0,103.5036,2792.71,Ireland,30205.65723
324,IE,2001,1.9839,8.8,3.0,104.3085,2800.86,Ireland,32567.28217
325,IE,2002,2.1316,8.8,3.0,103.6395,2699.57,Ireland,35222.02872
326,IE,2003,2.1625,8.8,3.0,105.2861,2630.34,Ireland,36283.12084
327,IE,2004,2.1986,8.8,3.0,106.7942,2700.72,Ireland,38733.34969
328,IE,2005,2.3471,8.8,3.0,108.2758,2608.3,Ireland,40466.23435
329,IE,2006,2.3684,8.8,3.0,109.8015,2601.42,Ireland,44232.37305
330,IE,2007,2.408,8.8,3.0,111.1643,2523.35,Ireland,46773.4866
331,IE,2008,2.3041,8.8,3.0,112.6807,2803.54,Ireland,44169.09434
332,IE,2009,2.2451,8.8,3.0,114.1876,2817.65,Ireland,41471.07998
333,IE,2010,2.0561,8.8,3.0,115.6583,3166.33,Ireland,43203.12008
334,IE,2011,2.1079,8.8,3.0,117.0736,2766.1,Ireland,45080.1887
335,IE,2012,1.8746,8.8,3.0,117.4846,2861.13,Ireland,46361.46369
336,IE,2013,1.8138,8.8,3.0,117.8914,2835.61,Ireland,47830.63089
337,IE,2014,1.7217,8.8,3.0,118.2945,2629.47,Ireland,51098.26668
338,IE,2015,1.7247,8.8,3.0,118.6931,2912.09,Ireland,69028.77272
339,IE,2016,1.7798,8.8,3.0,119.0886,2744.05,Ireland,71498.60101
340,IE,2017,1.8351,8.8,3.0,119.1638,2668.92,Ireland,77749.20196
341,IE,2018,1.9048,8.8,3.0,119.3387,2754.34,Ireland,84555.6348
342,IE,2019,1.8769,8.8,3.0,120.1952,2706.58,Ireland,87379.69297
343,IT,1990,16.4285,12.1,2.65,93.1,2022.05,Italy,18627.64397
344,IT,1991,15.8733,12.1,2.65,94.0,2362.7,Italy,19540.32457
345,IT,1992,17.1522,12.1,2.65,94.2,2003.66,Italy,20138.67054
346,IT,1993,16.1576,12.1,2.65,94.4,2112.01,Italy,20427.7275
347,IT,1994,15.2689,12.1,2.65,94.6,1900.18,Italy,21308.40224
348,IT,1995,15.9805,12.1,2.65,94.8,2064.36,Italy,22382.89796
349,IT,1996,16.2714,12.1,2.65,95.0,2091.42,Italy,23052.61895
350,IT,1997,17.0167,12.1,2.65,95.1,1944.92,Italy,23875.83851
351,IT,1998,17.3756,12.1,2.65,95.2,2032.6,Italy,25021.06529
352,IT,1999,18.4344,12.1,2.65,95.4,2000.4,Italy,25602.38947
353,IT,2000,18.9492,12.1,2.65,95.7,1848.2,Italy,27072.42136
354,IT,2001,19.9406,12.1,2.65,96.0,1877.19,Italy,28033.73587
355,IT,2002,20.2901,12.1,2.65,95.9035,1804.77,Italy,28736.57711
356,IT,2003,20.8196,12.1,2.65,95.7946,2007.84,Italy,29196.9279
357,IT,2004,20.4194,12.1,2.65,95.6611,2006.05,Italy,29554.68909
358,IT,2005,21.1084,12.1,2.65,95.5459,2162.84,Italy,30130.64446
359,IT,2006,21.8887,12.1,2.65,95.3674,1949.0,Italy,32453.58371
360,IT,2007,23.0818,12.1,2.65,95.1612,1836.76,Italy,34141.20077
361,IT,2008,23.6687,12.1,2.65,94.8859,1896.16,Italy,35523.27131
362,IT,2009,23.4481,12.1,2.65,94.7751,1947.26,Italy,34602.89696
363,IT,2010,23.1804,12.1,2.65,94.7019,2074.34,Italy,35158.44184
364,IT,2011,22.5362,12.1,2.65,94.574,1856.24,Italy,36598.01497
365,IT,2012,23.5227,12.1,2.65,94.474,1952.79,Italy,36486.29679
366,IT,2013,23.7253,12.1,2.65,94.393,1932.55,Italy,36314.6971
367,IT,2014,23.0899,12.1,2.65,94.34,1631.87,Italy,36194.87392
368,IT,2015,23.6954,12.1,2.65,94.295,1808.06,Italy,36899.38521
369,IT,2016,24.0211,12.1,2.65,94.254,1766.12,Italy,39926.95466
370,IT,2017,22.9923,12.1,2.65,94.219,1879.86,Italy,41581.12079
371,IT,2018,23.3829,12.1,2.65,94.179,1746.84,Italy,43036.24378
372,IT,2019,22.1299,12.1,2.65,94.138,1813.91,Italy,44376.1625
373,LV,1996,1.1642,0.6,-4.8,52.5,4707.55,Latvia,5807.340589
374,LV,1997,1.1667,0.6,-4.8,52.7,4284.1,Latvia,6487.466004
375,LV,1998,1.1191,0.6,-4.8,52.8,4269.81,Latvia,7068.195072
376,LV,1999,1.1678,0.6,-4.8,52.9,3972.04,Latvia,7405.847975
377,LV,2000,1.2302,0.6,-4.8,53.2,3732.08,Latvia,8039.506366
378,LV,2001,1.0905,0.6,-4.8,53.6354,4180.03,Latvia,9044.546392
379,LV,2002,1.1065,0.6,-4.8,54.3912,4057.45,Latvia,10081.19186
380,LV,2003,1.1001,0.6,-4.8,54.9244,4244.78,Latvia,11060.94272
381,LV,2004,1.0849,0.6,-4.8,56.2532,4206.53,Latvia,12278.58484
382,LV,2005,1.0874,0.6,-4.8,57.2486,4181.3,Latvia,13913.7883
383,LV,2006,1.0786,0.6,-4.8,59.28,4013.78,Latvia,15859.31539
384,LV,2007,1.0832,0.6,-4.8,60.1,3900.67,Latvia,18236.60921
385,LV,2008,1.1184,0.6,-4.8,60.1,3727.95,Latvia,19573.15539
386,LV,2009,1.0656,0.6,-4.8,60.6,4150.44,Latvia,17023.75492
387,LV,2010,0.8677,0.6,-4.8,61.1,4635.98,Latvia,17706.89451
388,LV,2011,0.9429,0.6,-4.8,62.9908,3937.92,Latvia,19248.4194
389,LV,2012,0.9084,0.6,-4.8,64.8363,4322.02,Latvia,21290.45959
390,LV,2013,0.8771,0.6,-4.8,66.0248,4036.79,Latvia,22639.06834
391,LV,2014,0.8677,0.6,-4.8,67.6236,3939.85,Latvia,23815.80006
392,LV,2015,0.7963,0.6,-4.8,69.9489,3657.39,Latvia,24972.78609
393,LV,2016,0.7754,0.6,-4.8,70.0649,4002.81,Latvia,26721.7262
394,LV,2017,0.8197,0.6,-4.8,68.9824,3997.38,Latvia,28673.5634
395,LV,2018,0.8649,0.6,-4.8,69.8412,3862.19,Latvia,30877.04193
396,LV,2019,0.8812,0.6,-4.8,71.0786,3622.92,Latvia,31883.25911
397,LT,2000,1.122,0.0,-5.4,58.6212,3566.72,Lithuania,8445.899213
398,LT,2001,1.0714,0.0,-5.4,61.4618,4011.72,Lithuania,9436.054109
399,LT,2002,1.119,0.0,-5.4,61.4152,3834.5,Lithuania,10480.72101
400,LT,2003,1.0701,0.0,-5.4,61.4723,4085.35,Lithuania,12067.67411
401,LT,2004,1.0753,0.0,-5.4,60.8,4071.09,Lithuania,13030.36041
402,LT,2005,1.1057,0.0,-5.4,61.3,4020.15,Lithuania,14510.53009
403,LT,2006,1.184,0.0,-5.4,61.8,3892.89,Lithuania,16483.85036
404,LT,2007,1.168,0.0,-5.4,62.1,3739.7,Lithuania,19094.64096
405,LT,2008,1.2518,0.0,-5.4,62.9,3555.94,Lithuania,20721.0132
406,LT,2009,1.1552,0.0,-5.4,65.9,3949.81,Lithuania,18116.73026
407,LT,2010,1.0659,0.0,-5.4,65.9,4415.0,Lithuania,20096.7361
408,LT,2011,1.1651,0.0,-5.4,66.4,3767.86,Lithuania,22884.82495
409,LT,2012,1.0896,0.0,-5.4,66.4,4081.27,Lithuania,24703.68582
410,LT,2013,1.093,0.0,-5.4,66.4,3873.17,Lithuania,26721.57967
411,LT,2014,1.0642,0.0,-5.4,67.2,3729.28,Lithuania,28184.47233
412,LT,2015,1.0917,0.0,-5.4,67.5,3523.32,Lithuania,28834.42768
413,LT,2016,1.0753,0.0,-5.4,67.9,3829.94,Lithuania,30925.17085
414,LT,2017,1.0851,0.0,-5.4,68.6,3761.5,Lithuania,33761.87124
415,LT,2018,1.1454,0.0,-5.4,68.9,3687.57,Lithuania,36376.18982
416,LT,2019,1.1771,0.0,-5.4,69.4,3391.36,Lithuania,38540.78145
417,LU,2008,0.4219,4.8,-0.6,128.6,2912.21,Luxembourg,90970.7212
418,LU,2009,0.4343,4.8,-0.6,129.1,2869.92,Luxembourg,86875.85377
419,LU,2010,0.3723,4.8,-0.6,129.5,3344.46,Luxembourg,90361.78309
420,LU,2011,0.4331,4.8,-0.6,129.9,2633.71,Luxembourg,94475.03023
421,LU,2012,0.3842,4.8,-0.6,130.3,2921.04,Luxembourg,96636.42664
422,LU,2013,0.3679,4.8,-0.6,130.7,3204.69,Luxembourg,100925.012
423,LU,2014,0.4259,4.8,-0.6,131.2,2515.66,Luxembourg,105296.2846
424,LU,2015,0.4309,4.8,-0.6,132.0,2850.7,Luxembourg,107859.686
425,LU,2016,0.4262,4.8,-0.6,132.0,2962.58,Luxembourg,113365.1761
426,LU,2017,0.4444,4.8,-0.6,132.0,2871.62,Luxembourg,114985.8422
427,LU,2018,0.4694,4.8,-0.6,133.0,2666.78,Luxembourg,116965.5861
428,LU,2019,0.4064,4.8,-0.6,133.3,2753.6,Luxembourg,117341.9151
429,MT,2017,0.0123,17.0,10.6,141.0303,534.15,Malta,43559.31618
430,MT,2018,0.0136,17.0,10.6,141.0303,365.57,Malta,45568.72321
431,MT,2019,0.0116,17.0,10.6,141.0303,515.23,Malta,47407.88079
432,NL,1995,9.0169,7.8,2.1,105.1519,2822.84,Netherlands,23433.65269
433,NL,1996,9.2263,7.8,2.1,105.256,3452.64,Netherlands,24508.78975
434,NL,1997,8.8937,7.8,2.1,105.5262,2871.12,Netherlands,26017.05322
435,NL,1998,8.669,7.8,2.1,105.7505,2662.92,Netherlands,27708.97207
436,NL,1999,8.5309,7.8,2.1,105.847,2551.85,Netherlands,29268.5361
437,NL,2000,8.523,7.8,2.1,106.1929,2496.48,Netherlands,31870.83351
438,NL,2001,8.5497,7.8,2.1,106.38,2728.84,Netherlands,33180.18292
439,NL,2002,8.5821,7.8,2.1,106.416,2594.89,Netherlands,34447.20532
440,NL,2003,8.3134,7.8,2.1,106.6554,2762.17,Netherlands,34149.61923
441,NL,2004,8.0094,7.8,2.1,108.6314,2772.07,Netherlands,35809.78566
442,NL,2005,7.8517,7.8,2.1,110.6075,2650.18,Netherlands,37625.56171
443,NL,2006,8.2418,7.8,2.1,112.5836,2566.51,Netherlands,41013.78664
444,NL,2007,7.6174,7.8,2.1,114.5596,2424.77,Netherlands,43939.14534
445,NL,2008,8.0878,7.8,2.1,116.5357,2697.32,Netherlands,46420.20168
446,NL,2009,8.0015,7.8,2.1,118.5117,2727.14,Netherlands,44556.92115
447,NL,2010,8.1686,7.8,2.1,120.4878,3311.71,Netherlands,45043.90423
448,NL,2011,7.5947,7.8,2.1,122.4639,2516.57,Netherlands,46599.02103
449,NL,2012,7.4336,7.8,2.1,119.0,2817.13,Netherlands,47272.10302
450,NL,2013,7.6189,7.8,2.1,120.0,3012.96,Netherlands,49241.51784
451,NL,2014,6.9297,7.8,2.1,119.0,2282.08,Netherlands,49233.2154
452,NL,2015,6.7705,7.8,2.1,119.0,2625.49,Netherlands,50288.59139
453,NL,2016,6.8704,7.8,2.1,119.0,2679.86,Netherlands,52288.41508
454,NL,2017,6.965,7.8,2.1,119.0,2538.98,Netherlands,55088.6338
455,NL,2018,7.0982,7.8,2.1,119.0,2528.64,Netherlands,57826.6285
456,NL,2019,6.662,7.8,2.1,119.0,2514.41,Netherlands,59004.32497
457,PL,1990,14.5554,2.6,-3.0,59.6,3192.33,Poland,6181.891777
458,PL,1991,14.8924,2.6,-3.0,60.3132,3697.57,Poland,5921.537014
459,PL,1992,16.3027,2.6,-3.0,61.0264,3518.67,Poland,6189.794071
460,PL,1993,19.2823,2.6,-3.0,61.7396,3702.4,Poland,6556.684535
461,PL,1994,18.8934,2.6,-3.0,62.4527,3458.68,Poland,7036.272736
462,PL,1995,17.4381,2.6,-3.0,63.1659,3626.12,Poland,7681.196891
463,PL,1996,15.1508,2.6,-3.0,63.8791,4151.88,Poland,8275.801595
464,PL,1997,15.9706,2.6,-3.0,64.5923,3693.19,Poland,8936.625782
465,PL,1998,14.4056,2.6,-3.0,65.3055,3563.27,Poland,9487.754278
466,PL,1999,15.294,2.6,-3.0,66.0187,3330.74,Poland,10040.89838
467,PL,2000,14.0202,2.6,-3.0,66.7319,3104.32,Poland,10672.12109
468,PL,2001,13.7347,2.6,-3.0,67.445,3588.96,Poland,11119.71515
469,PL,2002,14.1928,2.6,-3.0,68.1582,3344.88,Poland,11804.26626
470,PL,2003,13.0732,2.6,-3.0,68.7775,3597.66,Poland,12288.46287
471,PL,2004,13.5563,2.6,-3.0,69.0289,3515.39,Poland,13353.6821
472,PL,2005,14.0787,2.6,-3.0,69.2753,3544.15,Poland,13896.79338
473,PL,2006,15.4595,2.6,-3.0,69.5099,3462.59,Poland,15152.33608
474,PL,2007,15.0259,2.6,-3.0,69.8,3232.13,Poland,16802.83391
475,PL,2008,15.4644,2.6,-3.0,70.2,3174.47,Poland,18303.35292
476,PL,2009,14.5767,2.6,-3.0,70.5,3448.86,Poland,19239.92847
477,PL,2010,14.3588,2.6,-3.0,72.3,3923.03,Poland,21072.52658
478,PL,2011,15.2209,2.6,-3.0,72.6,3315.94,Poland,22827.69814
479,PL,2012,14.8333,2.6,-3.0,72.8,3551.16,Poland,23745.6978
480,PL,2013,14.7021,2.6,-3.0,73.1,3502.91,Poland,24567.50617
481,PL,2014,15.0709,2.6,-3.0,73.4,3094.64,Poland,25475.50469
482,PL,2015,14.193,2.6,-3.0,73.6,3112.56,Poland,26862.05252
483,PL,2016,14.3207,2.6,-3.0,73.8,3286.01,Poland,28322.10698
484,PL,2017,14.2653,2.6,-3.0,74.0,3288.37,Poland,30064.50348
485,PL,2018,14.5213,2.6,-3.0,74.2,3123.43,Poland,31953.03503
486,PL,2019,13.7605,2.6,-3.0,74.4,2951.82,Poland,33797.76736
487,PT,2003,0.7376,16.4,9.8,89.0,1220.4,Portugal,20851.08854
488,PT,2004,0.6864,16.4,9.8,90.5,1344.48,Portugal,21477.82618
489,PT,2005,0.7076,16.4,9.8,90.7,1338.02,Portugal,22725.27749
490,PT,2006,0.8063,16.4,9.8,91.63,1189.3,Portugal,24682.71885
491,PT,2007,0.7705,16.4,9.8,93.12,1236.6,Portugal,25733.12709
492,PT,2008,0.7472,16.4,9.8,93.8618,1267.83,Portugal,26665.8373
493,PT,2009,0.8232,16.4,9.8,94.0141,1153.85,Portugal,26458.91104
494,PT,2010,0.5796,16.4,9.8,107.0,1298.28,Portugal,27261.95345
495,PT,2011,0.639,16.4,9.8,109.09,1089.29,Portugal,26769.51189
496,PT,2012,0.528,16.4,9.8,109.09,1347.73,Portugal,26438.0163
497,PT,2013,0.5314,16.4,9.8,109.09,1336.17,Portugal,27936.03966
498,PT,2014,0.6026,16.4,9.8,106.5,1138.56,Portugal,28742.44038
499,PT,2015,0.633,16.4,9.8,103.9847,1080.28,Portugal,29660.89607
500,PT,2016,0.5758,16.4,9.8,100.9978,1233.04,Portugal,31607.75424
501,PT,2017,0.655,16.4,9.8,100.9978,1054.83,Portugal,33044.71674
502,PT,2018,0.5546,16.4,9.8,96.849,1307.33,Portugal,34928.54353
503,PT,2019,0.6387,16.4,9.8,92.0,1109.07,Portugal,36172.07254
504,RO,1992,5.1268,6.2,-2.0,33.5544,3190.37,Romania,4512.647211
505,RO,1993,5.0508,6.2,-2.0,33.6288,3362.06,Romania,4696.626691
506,RO,1994,5.7636,6.2,-2.0,33.7032,2842.33,Romania,4992.784891
507,RO,1995,4.683,6.2,-2.0,33.7838,3225.86,Romania,5426.19767
508,RO,1996,5.4856,6.2,-2.0,33.8768,3471.01,Romania,5743.961975
509,RO,1997,5.4904,6.2,-2.0,34.0318,3374.12,Romania,5564.09451
510,RO,1998,5.5871,6.2,-2.0,34.1434,3218.44,Romania,5544.308572
511,RO,1999,5.5042,6.2,-2.0,34.2488,3000.93,Romania,5596.472489
512,RO,2000,5.3771,6.2,-2.0,34.3604,2931.43,Romania,5848.084955
513,RO,2001,4.4487,6.2,-2.0,37.2186,3028.97,Romania,6518.675292
514,RO,2002,4.3198,6.2,-2.0,37.3612,2932.0,Romania,7162.365778
515,RO,2003,4.076,6.2,-2.0,37.5162,3393.84,Romania,7559.975349
516,RO,2004,4.4106,6.2,-2.0,37.7146,3107.75,Romania,8990.32565
517,RO,2005,3.7633,6.2,-2.0,37.8634,3248.31,Romania,9602.104759
518,RO,2006,3.7026,6.2,-2.0,38.1424,3164.93,Romania,11556.62425
519,RO,2007,3.9239,6.2,-2.0,38.3594,2837.51,Romania,13700.09357
520,RO,2008,4.3508,6.2,-2.0,38.5888,2871.73,Romania,16782.22907
521,RO,2009,4.2064,6.2,-2.0,39.1289,2850.3,Romania,16631.85819
522,RO,2010,4.0165,6.2,-2.0,39.4423,3056.91,Romania,16976.25909
523,RO,2011,3.95,6.2,-2.0,39.758,3174.1,Romania,17896.27586
524,RO,2012,4.0037,6.2,-2.0,41.636,3089.55,Romania,18869.56897
525,RO,2013,4.2343,6.2,-2.0,43.514,2865.71,Romania,19781.92571
526,RO,2014,4.3986,6.2,-2.0,45.392,2730.97,Romania,20657.67329
527,RO,2015,4.4581,6.2,-2.0,47.27,2787.05,Romania,21605.83562
528,RO,2016,4.3292,6.2,-2.0,47.39,2920.43,Romania,24271.47002
529,RO,2017,4.4942,6.2,-2.0,47.5,2918.88,Romania,27141.90093
530,RO,2018,4.8715,6.2,-2.0,47.61,2748.49,Romania,29342.04115
531,RO,2019,5.3174,6.2,-2.0,47.73,2568.23,Romania,31867.26319
532,SK,1990,1.5821,6.0,-1.2,72.72,3260.97,,
533,SK,1991,1.1501,6.0,-1.2,73.42,3656.04,,
534,SK,1992,1.1482,6.0,-1.2,74.12,3418.1,Slovak Republic,7172.285168
535,SK,1993,1.0589,6.0,-1.2,74.82,3503.01,Slovak Republic,7467.047784
536,SK,1994,1.2106,6.0,-1.2,75.52,3164.14,Slovak Republic,8067.913495
537,SK,1995,1.2623,6.0,-1.2,76.63,3476.43,Slovak Republic,8692.957338
538,SK,1996,1.3499,6.0,-1.2,77.74,3768.25,Slovak Republic,9404.878515
539,SK,1997,1.5058,6.0,-1.2,78.85,3591.63,Slovak Republic,10086.13476
540,SK,1998,1.626,6.0,-1.2,79.96,3438.43,Slovak Republic,10623.00698
541,SK,1999,1.7789,6.0,-1.2,81.07,3302.84,Slovak Republic,10714.17713
542,SK,2000,1.9099,6.0,-1.2,82.18,3057.85,Slovak Republic,11376.55592
543,SK,2001,2.0665,6.0,-1.2,83.29,3419.03,Slovak Republic,12385.98843
544,SK,2002,2.113,6.0,-1.2,84.4,3231.5,Slovak Republic,13312.20331
545,SK,2003,1.8841,6.0,-1.2,85.51,3473.71,Slovak Republic,14181.12184
546,SK,2004,1.787,6.0,-1.2,85.4813,3436.66,Slovak Republic,15226.33843
547,SK,2005,1.6422,6.0,-1.2,85.3094,3542.9,Slovak Republic,16639.39412
548,SK,2006,1.5497,6.0,-1.2,85.1873,3383.84,Slovak Republic,18914.02796
549,SK,2007,1.4747,6.0,-1.2,85.0995,3098.0,Slovak Republic,21222.38033
550,SK,2008,1.5504,6.0,-1.2,84.4535,3044.68,Slovak Republic,23725.85776
551,SK,2009,1.5085,6.0,-1.2,84.7497,3182.56,Slovak Republic,23080.58654
552,SK,2010,1.5196,6.0,-1.2,85.0347,3491.35,Slovak Republic,25302.23272
553,SK,2011,1.4566,6.0,-1.2,85.2221,3244.11,Slovak Republic,26145.88938
554,SK,2012,1.3297,6.0,-1.2,85.4753,3296.36,Slovak Republic,26888.3481
555,SK,2013,1.3998,6.0,-1.2,85.7288,3237.52,Slovak Republic,27915.43321
556,SK,2014,1.4656,6.0,-1.2,85.9605,2713.17,Slovak Republic,28929.52636
557,SK,2015,1.3368,6.0,-1.2,86.136,3058.95,Slovak Republic,29964.88861
558,SK,2016,1.3257,6.0,-1.2,86.3356,3176.37,Slovak Republic,29645.74189
559,SK,2017,1.3611,6.0,-1.2,86.54,3289.94,Slovak Republic,30061.55147
560,SK,2018,1.4591,6.0,-1.2,86.75,2923.83,Slovak Republic,31214.59257
561,SI,2000,1.0781,6.2,-0.8,77.6974,2594.38,Slovenia,18001.22916
562,SI,2001,1.0369,6.2,-0.8,78.0641,2877.1,Slovenia,18948.20389
563,SI,2002,1.0139,6.2,-0.8,78.4249,2674.53,Slovenia,20241.52568
564,SI,2003,0.9859,6.2,-0.8,78.7479,3063.34,Slovenia,21112.37522
565,SI,2004,0.9801,6.2,-0.8,79.0279,3072.24,Slovenia,22760.94697
566,SI,2005,0.9962,6.2,-0.8,79.3129,3192.52,Slovenia,23852.64304
567,SI,2006,0.9705,6.2,-0.8,79.6649,2978.51,Slovenia,25720.44955
568,SI,2007,1.0227,6.2,-0.8,80.009,2685.84,Slovenia,27570.14519
569,SI,2008,1.0331,6.2,-0.8,80.3829,2793.77,Slovenia,29604.29147
570,SI,2009,0.9881,6.2,-0.8,80.7677,2795.7,Slovenia,27537.75846
571,SI,2010,0.9274,6.2,-0.8,81.1627,3136.59,Slovenia,27826.87234
572,SI,2011,0.9486,6.2,-0.8,81.4204,2826.88,Slovenia,28931.38332
573,SI,2012,0.9071,6.2,-0.8,81.629,2836.51,Slovenia,29042.82027
574,SI,2013,0.8772,6.2,-0.8,81.7886,2870.67,Slovenia,29973.69935
575,SI,2014,0.8468,6.2,-0.8,81.8872,2345.72,Slovenia,30870.02367
576,SI,2015,0.8392,6.2,-0.8,81.9731,2703.06,Slovenia,31628.24718
577,SI,2016,0.839,6.2,-0.8,82.2393,2759.75,Slovenia,33936.04406
578,SI,2017,0.7816,6.2,-0.8,82.5061,2834.88,Slovenia,36507.55304
579,SI,2018,0.7658,6.2,-0.8,82.7644,2579.61,Slovenia,38961.54435
580,SI,2019,0.7367,6.2,-0.8,83.0218,2600.72,Slovenia,40670.87787
581,ES,1990,4.9147,13.6,5.3,85.2497,1797.76,Spain,13678.2757
582,ES,1991,5.098,13.6,5.3,85.6315,2103.43,Spain,14464.00245
583,ES,1992,5.2199,13.6,5.3,86.02,1977.46,Spain,14858.14505
584,ES,1993,5.4536,13.6,5.3,86.3921,2076.01,Spain,14975.57233
585,ES,1994,5.2887,13.6,5.3,86.772,1751.11,Spain,15585.50745
586,ES,1995,5.1642,13.6,5.3,87.151,1552.85,Spain,16279.09657
587,ES,1996,5.1889,13.6,5.3,87.5266,1833.66,Spain,16975.12105
588,ES,1997,5.6785,13.6,5.3,87.9025,1511.54,Spain,17912.75358
589,ES,1998,5.5895,13.6,5.3,88.2847,1777.5,Spain,19096.61489
590,ES,1999,6.0259,13.6,5.3,88.6732,1858.04,Spain,19954.29022
591,ES,2000,6.3493,13.6,5.3,89.044,1814.6,Spain,21584.2512
592,ES,2001,6.3761,13.6,5.3,89.4349,1787.38,Spain,22949.18185
593,ES,2002,6.2819,13.6,5.3,89.6007,1680.7,Spain,24371.59885
594,ES,2003,6.3183,13.6,5.3,89.764,1776.37,Spain,25046.1107
595,ES,2004,6.7983,13.6,5.3,89.9328,1935.16,Spain,26143.63217
596,ES,2005,7.5348,13.6,5.3,90.0956,1962.13,Spain,27606.93405
597,ES,2006,8.3131,13.6,5.3,90.2568,1684.49,Spain,30720.22221
598,ES,2007,7.9608,13.6,5.3,90.418,1829.89,Spain,32469.53045
599,ES,2008,7.7033,13.6,5.3,90.5884,1864.97,Spain,33263.2724
600,ES,2009,8.3514,13.6,5.3,90.7657,1720.56,Spain,32092.36482
601,ES,2010,7.0765,13.6,5.3,90.9372,1953.46,Spain,31682.7131
602,ES,2011,7.6073,13.6,5.3,91.0941,1572.46,Spain,31867.97324
603,ES,2012,6.4132,13.6,5.3,91.2751,1873.15,Spain,31720.12
604,ES,2013,6.1994,13.6,5.3,91.4407,1921.25,Spain,32434.0032
605,ES,2014,7.369,13.6,5.3,91.6118,1554.36,Spain,33525.74063
606,ES,2015,7.4698,13.6,5.3,91.776,1610.6,Spain,34903.12748
607,ES,2016,6.9817,13.6,5.3,91.941,1724.77,Spain,37286.21343
608,ES,2017,7.0863,13.6,5.3,92.1059,1606.48,Spain,39528.92539
609,ES,2018,6.4873,13.6,5.3,92.2679,1796.63,Spain,40696.38768
610,ES,2019,6.7496,13.6,5.3,92.4282,1670.72,Spain,41695.14695
611,SE,1990,5.6026,1.4,-3.0,114.3357,4893.23,Sweden,20414.11667
612,SE,1991,5.3435,1.4,-3.0,115.6072,5276.25,Sweden,20720.8957
613,SE,1992,5.3347,1.4,-3.0,117.577,5136.6,Sweden,20825.06038
614,SE,1993,5.2802,1.4,-3.0,115.3307,5452.62,Sweden,20757.40546
615,SE,1994,5.251,1.4,-3.0,112.3313,5495.59,Sweden,21877.8025
616,SE,1995,5.1072,1.4,-3.0,111.8631,5464.56,Sweden,23094.05196
617,SE,1996,5.0788,1.4,-3.0,110.0824,5699.17,Sweden,23927.51439
618,SE,1997,5.1176,1.4,-3.0,107.7507,5213.06,Sweden,24805.82457
619,SE,1998,5.2385,1.4,-3.0,107.0909,5493.29,Sweden,25887.83818
620,SE,1999,5.2935,1.4,-3.0,106.4635,5262.84,Sweden,27471.55827
621,SE,2000,6.1275,1.4,-3.0,107.0321,4925.62,Sweden,29618.27926
622,SE,2001,5.3402,1.4,-3.0,105.3571,5422.89,Sweden,29927.59927
623,SE,2002,5.4143,1.4,-3.0,108.7376,5210.9,Sweden,30926.5056
624,SE,2003,5.1886,1.4,-3.0,107.6024,5224.63,Sweden,31814.86351
625,SE,2004,5.1972,1.4,-3.0,102.4186,5281.26,Sweden,33858.61143
626,SE,2005,4.983,1.4,-3.0,99.7589,5085.06,Sweden,34244.46502
627,SE,2006,4.8739,1.4,-3.0,99.4246,4985.68,Sweden,37730.16375
628,SE,2007,4.6595,1.4,-3.0,100.0722,5069.6,Sweden,40905.14587
629,SE,2008,4.8039,1.4,-3.0,102.4643,5074.88,Sweden,42158.2957
630,SE,2009,4.6484,1.4,-3.0,102.9168,5294.04,Sweden,40279.4616
631,SE,2010,4.1875,1.4,-3.0,102.1509,5986.18,Sweden,42223.91967
632,SE,2011,4.7277,1.4,-3.0,104.1,4895.71,Sweden,44608.58026
633,SE,2012,4.4165,1.4,-3.0,105.8382,5471.41,Sweden,45432.43197
634,SE,2013,4.466,1.4,-3.0,105.4071,5155.24,Sweden,46312.39238
635,SE,2014,5.0233,1.4,-3.0,106.1028,4850.03,Sweden,47184.66913
636,SE,2015,4.533,1.4,-3.0,106.0913,4875.48,Sweden,49103.13343
637,SE,2016,4.4485,1.4,-3.0,106.8211,5092.48,Sweden,50430.25282
638,SE,2017,4.4816,1.4,-3.0,106.658,5181.13,Sweden,51947.95425
639,SE,2018,4.3839,1.4,-3.0,106.9316,5122.22,Sweden,53521.63064
640,SE,2019,4.4039,1.4,-3.0,106.5807,5119.61,Sweden,54598.78035
641,GB,2002,31.512,8.08,2.4,87.2817,2908.0,United Kingdom,29062.12387
642,GB,2003,30.997,8.08,2.4,87.8158,2912.55,United Kingdom,30355.28338
643,GB,2004,32.091,8.08,2.4,88.1186,2930.92,United Kingdom,32058.41549
644,GB,2005,30.228,8.08,2.4,88.521,2912.87,United Kingdom,32747.35401
645,GB,2006,29.047,8.08,2.4,90.6196,2842.0,United Kingdom,34845.59177
646,GB,2007,28.372,8.08,2.4,90.6196,2848.79,United Kingdom,35695.29849
647,GB,2008,28.84,8.08,2.4,91.2465,3068.64,United Kingdom,36863.58476
648,GB,2009,27.323,8.08,2.4,91.084,3020.03,United Kingdom,35212.42048
649,GB,2010,28.744,8.08,2.4,91.6444,3452.49,United Kingdom,36576.58654
650,GB,2011,25.434,8.08,2.4,91.2178,2836.31,United Kingdom,37379.29097
651,GB,2012,25.95,8.08,2.4,92.316,3181.23,United Kingdom,38514.02617
652,GB,2013,25.024,8.08,2.4,95.2874,3179.12,United Kingdom,40218.74726
653,GB,2014,23.997,8.08,2.4,93.8073,2739.93,United Kingdom,41580.60249
654,GB,2015,24.295,8.08,2.4,94.4804,3014.61,United Kingdom,42912.87509
655,GB,2016,24.586,8.08,2.4,94.8,2976.36,United Kingdom,44635.29956
656,GB,2017,24.911,8.08,2.4,94.0033,2864.79,United Kingdom,46372.3866
657,GB,2018,25.201,8.08,2.4,94.2451,2936.31,United Kingdom,47573.48802
