,date,search_term,interest,year,month,year_trend,interest_sa
0,2018-12-02,insulation,47,2018,12,0.0,60.03190842627208
1,2018-12-09,insulation,47,2018,12,0.0,60.03190842627208
2,2018-12-16,insulation,39,2018,12,0.0,52.03190842627208
3,2018-12-23,insulation,26,2018,12,0.0,39.03190842627208
4,2018-12-30,insulation,43,2018,12,0.0,56.03190842627208
31,2019-07-07,insulation,35,2019,7,1.0,54.7764439188518
14,2019-03-10,insulation,46,2019,3,1.0,60.23307425932222
15,2019-03-17,insulation,46,2019,3,1.0,60.23307425932222
9,2019-02-03,insulation,55,2019,2,1.0,59.262370462994426
10,2019-02-10,insulation,51,2019,2,1.0,55.262370462994426
11,2019-02-17,insulation,48,2019,2,1.0,52.262370462994426
12,2019-02-24,insulation,48,2019,2,1.0,52.262370462994426
13,2019-03-03,insulation,47,2019,3,1.0,61.23307425932222
16,2019-03-24,insulation,40,2019,3,1.0,54.23307425932222
18,2019-04-07,insulation,45,2019,4,1.0,63.13737046299447
30,2019-06-30,insulation,40,2019,6,1.0,61.85859112478413
19,2019-04-14,insulation,39,2019,4,1.0,57.13737046299447
17,2019-03-31,insulation,43,2019,3,1.0,57.23307425932222
5,2019-01-06,insulation,55,2019,1,1.0,55.0
6,2019-01-13,insulation,57,2019,1,1.0,57.0
7,2019-01-20,insulation,63,2019,1,1.0,63.0
8,2019-01-27,insulation,66,2019,1,1.0,66.0
27,2019-06-09,insulation,43,2019,6,1.0,64.85859112478413
28,2019-06-16,insulation,33,2019,6,1.0,54.85859112478413
29,2019-06-23,insulation,37,2019,6,1.0,58.85859112478413
26,2019-06-02,insulation,39,2019,6,1.0,60.85859112478413
48,2019-11-03,insulation,62,2019,11,1.0,57.98722473386323
47,2019-10-27,insulation,60,2019,10,1.0,58.8888888888889
46,2019-10-20,insulation,55,2019,10,1.0,53.8888888888889
45,2019-10-13,insulation,54,2019,10,1.0,52.8888888888889
44,2019-10-06,insulation,54,2019,10,1.0,52.8888888888889
43,2019-09-29,insulation,50,2019,9,1.0,55.564473477725315
42,2019-09-22,insulation,45,2019,9,1.0,50.564473477725315
41,2019-09-15,insulation,44,2019,9,1.0,49.564473477725315
40,2019-09-08,insulation,47,2019,9,1.0,52.564473477725315
39,2019-09-01,insulation,43,2019,9,1.0,48.564473477725315
38,2019-08-25,insulation,36,2019,8,1.0,51.31098157410554
37,2019-08-18,insulation,42,2019,8,1.0,57.31098157410554
36,2019-08-11,insulation,42,2019,8,1.0,57.31098157410554
35,2019-08-04,insulation,40,2019,8,1.0,55.31098157410554
34,2019-07-28,insulation,35,2019,7,1.0,54.7764439188518
33,2019-07-21,insulation,36,2019,7,1.0,55.7764439188518
32,2019-07-14,insulation,41,2019,7,1.0,60.7764439188518
49,2019-11-10,insulation,65,2019,11,1.0,60.98722473386323
50,2019-11-17,insulation,70,2019,11,1.0,65.98722473386323
52,2019-12-01,insulation,61,2019,12,1.0,74.03190842627208
56,2019-12-29,insulation,41,2019,12,1.0,54.03190842627208
55,2019-12-22,insulation,30,2019,12,1.0,43.03190842627208
54,2019-12-15,insulation,50,2019,12,1.0,63.03190842627208
53,2019-12-08,insulation,51,2019,12,1.0,64.03190842627208
51,2019-11-24,insulation,53,2019,11,1.0,48.98722473386323
25,2019-05-26,insulation,33,2019,5,1.0,54.39996250244576
20,2019-04-21,insulation,38,2019,4,1.0,56.13737046299447
21,2019-04-28,insulation,41,2019,4,1.0,59.13737046299447
22,2019-05-05,insulation,42,2019,5,1.0,63.39996250244576
23,2019-05-12,insulation,40,2019,5,1.0,61.39996250244576
24,2019-05-19,insulation,41,2019,5,1.0,62.39996250244576
70,2020-04-05,insulation,37,2020,4,2.0,55.13737046299447
67,2020-03-15,insulation,39,2020,3,2.0,53.233074259322215
66,2020-03-08,insulation,45,2020,3,2.0,59.233074259322215
65,2020-03-01,insulation,52,2020,3,2.0,66.23307425932222
78,2020-05-31,insulation,46,2020,5,2.0,67.39996250244576
77,2020-05-24,insulation,40,2020,5,2.0,61.39996250244577
76,2020-05-17,insulation,45,2020,5,2.0,66.39996250244576
75,2020-05-10,insulation,46,2020,5,2.0,67.39996250244576
74,2020-05-03,insulation,40,2020,5,2.0,61.39996250244577
73,2020-04-26,insulation,41,2020,4,2.0,59.13737046299447
72,2020-04-19,insulation,39,2020,4,2.0,57.13737046299447
71,2020-04-12,insulation,37,2020,4,2.0,55.13737046299447
69,2020-03-29,insulation,36,2020,3,2.0,50.233074259322215
68,2020-03-22,insulation,36,2020,3,2.0,50.233074259322215
64,2020-02-23,insulation,50,2020,2,2.0,54.26237046299442
63,2020-02-16,insulation,54,2020,2,2.0,58.26237046299442
62,2020-02-09,insulation,60,2020,2,2.0,64.26237046299443
108,2020-12-27,insulation,63,2020,12,2.0,76.03190842627208
107,2020-12-20,insulation,43,2020,12,2.0,56.03190842627208
106,2020-12-13,insulation,53,2020,12,2.0,66.03190842627208
105,2020-12-06,insulation,73,2020,12,2.0,86.03190842627208
104,2020-11-29,insulation,74,2020,11,2.0,69.98722473386323
103,2020-11-22,insulation,67,2020,11,2.0,62.98722473386322
102,2020-11-15,insulation,72,2020,11,2.0,67.98722473386323
101,2020-11-08,insulation,70,2020,11,2.0,65.98722473386323
100,2020-11-01,insulation,67,2020,11,2.0,62.98722473386322
61,2020-02-02,insulation,56,2020,2,2.0,60.26237046299442
60,2020-01-26,insulation,57,2020,1,2.0,56.99999999999999
59,2020-01-19,insulation,60,2020,1,2.0,59.99999999999999
58,2020-01-12,insulation,55,2020,1,2.0,54.99999999999999
57,2020-01-05,insulation,53,2020,1,2.0,52.99999999999999
79,2020-06-07,insulation,52,2020,6,2.0,73.85859112478411
80,2020-06-14,insulation,47,2020,6,2.0,68.85859112478411
82,2020-06-28,insulation,51,2020,6,2.0,72.85859112478411
81,2020-06-21,insulation,49,2020,6,2.0,70.85859112478411
83,2020-07-05,insulation,83,2020,7,2.0,102.7764439188518
84,2020-07-12,insulation,57,2020,7,2.0,76.7764439188518
99,2020-10-25,insulation,65,2020,10,2.0,63.88888888888891
98,2020-10-18,insulation,70,2020,10,2.0,68.88888888888891
97,2020-10-11,insulation,73,2020,10,2.0,71.88888888888891
96,2020-10-04,insulation,75,2020,10,2.0,73.88888888888891
95,2020-09-27,insulation,82,2020,9,2.0,87.56447347772531
94,2020-09-20,insulation,68,2020,9,2.0,73.56447347772531
93,2020-09-13,insulation,61,2020,9,2.0,66.56447347772531
92,2020-09-06,insulation,63,2020,9,2.0,68.56447347772531
91,2020-08-30,insulation,61,2020,8,2.0,76.31098157410554
90,2020-08-23,insulation,57,2020,8,2.0,72.31098157410554
89,2020-08-16,insulation,54,2020,8,2.0,69.31098157410554
88,2020-08-09,insulation,53,2020,8,2.0,68.31098157410554
87,2020-08-02,insulation,57,2020,8,2.0,72.31098157410554
86,2020-07-26,insulation,53,2020,7,2.0,72.7764439188518
85,2020-07-19,insulation,55,2020,7,2.0,74.7764439188518
116,2021-02-21,insulation,67,2021,2,3.0,71.26237046299441
148,2021-10-03,insulation,69,2021,10,3.0,67.8888888888889
147,2021-09-26,insulation,63,2021,9,3.0,68.56447347772531
149,2021-10-10,insulation,64,2021,10,3.0,62.8888888888889
146,2021-09-19,insulation,56,2021,9,3.0,61.564473477725315
145,2021-09-12,insulation,50,2021,9,3.0,55.564473477725315
144,2021-09-05,insulation,45,2021,9,3.0,50.564473477725315
143,2021-08-29,insulation,44,2021,8,3.0,59.31098157410554
142,2021-08-22,insulation,46,2021,8,3.0,61.31098157410554
141,2021-08-15,insulation,50,2021,8,3.0,65.31098157410554
140,2021-08-08,insulation,44,2021,8,3.0,59.31098157410554
139,2021-08-01,insulation,43,2021,8,3.0,58.31098157410554
150,2021-10-17,insulation,75,2021,10,3.0,73.8888888888889
152,2021-10-31,insulation,81,2021,10,3.0,79.8888888888889
151,2021-10-24,insulation,67,2021,10,3.0,65.8888888888889
160,2021-12-26,insulation,39,2021,12,3.0,52.03190842627208
159,2021-12-19,insulation,39,2021,12,3.0,52.03190842627208
158,2021-12-12,insulation,50,2021,12,3.0,63.03190842627208
157,2021-12-05,insulation,65,2021,12,3.0,78.03190842627208
156,2021-11-28,insulation,77,2021,11,3.0,72.98722473386321
155,2021-11-21,insulation,70,2021,11,3.0,65.98722473386321
154,2021-11-14,insulation,63,2021,11,3.0,58.987224733863215
153,2021-11-07,insulation,68,2021,11,3.0,63.987224733863215
138,2021-07-25,insulation,42,2021,7,3.0,61.7764439188518
137,2021-07-18,insulation,42,2021,7,3.0,61.7764439188518
136,2021-07-11,insulation,44,2021,7,3.0,63.7764439188518
109,2021-01-03,insulation,88,2021,1,3.0,88.0
110,2021-01-10,insulation,82,2021,1,3.0,82.0
135,2021-07-04,insulation,44,2021,7,3.0,63.7764439188518
134,2021-06-27,insulation,43,2021,6,3.0,64.85859112478411
133,2021-06-20,insulation,44,2021,6,3.0,65.85859112478411
132,2021-06-13,insulation,42,2021,6,3.0,63.85859112478411
131,2021-06-06,insulation,46,2021,6,3.0,67.85859112478411
130,2021-05-30,insulation,46,2021,5,3.0,67.39996250244576
129,2021-05-23,insulation,48,2021,5,3.0,69.39996250244576
128,2021-05-16,insulation,49,2021,5,3.0,70.39996250244576
127,2021-05-09,insulation,55,2021,5,3.0,76.39996250244576
126,2021-05-02,insulation,56,2021,5,3.0,77.39996250244576
125,2021-04-25,insulation,58,2021,4,3.0,76.13737046299447
124,2021-04-18,insulation,58,2021,4,3.0,76.13737046299447
123,2021-04-11,insulation,58,2021,4,3.0,76.13737046299447
122,2021-04-04,insulation,59,2021,4,3.0,77.13737046299447
121,2021-03-28,insulation,58,2021,3,3.0,72.23307425932221
120,2021-03-21,insulation,68,2021,3,3.0,82.23307425932221
119,2021-03-14,insulation,64,2021,3,3.0,78.23307425932221
118,2021-03-07,insulation,64,2021,3,3.0,78.23307425932221
117,2021-02-28,insulation,67,2021,2,3.0,71.26237046299441
115,2021-02-14,insulation,83,2021,2,3.0,87.26237046299441
114,2021-02-07,insulation,100,2021,2,3.0,104.26237046299441
113,2021-01-31,insulation,75,2021,1,3.0,75.0
112,2021-01-24,insulation,78,2021,1,3.0,78.0
111,2021-01-17,insulation,75,2021,1,3.0,75.0
165,2022-01-30,insulation,73,2022,1,4.0,73.0
164,2022-01-23,insulation,75,2022,1,4.0,75.0
161,2022-01-02,insulation,63,2022,1,4.0,63.0
162,2022-01-09,insulation,82,2022,1,4.0,82.0
163,2022-01-16,insulation,74,2022,1,4.0,74.0
187,2022-07-03,insulation,47,2022,7,4.0,66.7764439188518
188,2022-07-10,insulation,47,2022,7,4.0,66.7764439188518
189,2022-07-17,insulation,49,2022,7,4.0,68.7764439188518
190,2022-07-24,insulation,56,2022,7,4.0,75.7764439188518
191,2022-07-31,insulation,58,2022,7,4.0,77.7764439188518
192,2022-08-07,insulation,57,2022,8,4.0,72.31098157410554
193,2022-08-14,insulation,58,2022,8,4.0,73.31098157410554
194,2022-08-21,insulation,77,2022,8,4.0,92.31098157410554
195,2022-08-28,insulation,82,2022,8,4.0,97.31098157410554
196,2022-09-04,insulation,78,2022,9,4.0,83.56447347772531
197,2022-09-11,insulation,80,2022,9,4.0,85.56447347772531
198,2022-09-18,insulation,76,2022,9,4.0,81.56447347772531
186,2022-06-26,insulation,50,2022,6,4.0,71.85859112478411
199,2022-09-25,insulation,96,2022,9,4.0,101.56447347772531
201,2022-10-09,insulation,82,2022,10,4.0,80.8888888888889
202,2022-10-16,insulation,77,2022,10,4.0,75.8888888888889
203,2022-10-23,insulation,65,2022,10,4.0,63.8888888888889
204,2022-10-30,insulation,76,2022,10,4.0,74.8888888888889
205,2022-11-06,insulation,81,2022,11,4.0,76.98722473386321
206,2022-11-13,insulation,84,2022,11,4.0,79.98722473386321
207,2022-11-20,insulation,92,2022,11,4.0,87.98722473386321
200,2022-10-02,insulation,89,2022,10,4.0,87.8888888888889
185,2022-06-19,insulation,51,2022,6,4.0,72.85859112478411
184,2022-06-12,insulation,47,2022,6,4.0,68.85859112478411
183,2022-06-05,insulation,56,2022,6,4.0,77.85859112478411
166,2022-02-06,insulation,77,2022,2,4.0,81.26237046299441
167,2022-02-13,insulation,71,2022,2,4.0,75.26237046299441
168,2022-02-20,insulation,67,2022,2,4.0,71.26237046299441
169,2022-02-27,insulation,61,2022,2,4.0,65.26237046299441
170,2022-03-06,insulation,71,2022,3,4.0,85.23307425932222
171,2022-03-13,insulation,61,2022,3,4.0,75.23307425932222
172,2022-03-20,insulation,63,2022,3,4.0,77.23307425932222
173,2022-03-27,insulation,71,2022,3,4.0,85.23307425932222
174,2022-04-03,insulation,74,2022,4,4.0,92.13737046299447
175,2022-04-10,insulation,57,2022,4,4.0,75.13737046299447
176,2022-04-17,insulation,59,2022,4,4.0,77.13737046299447
177,2022-04-24,insulation,53,2022,4,4.0,71.13737046299447
178,2022-05-01,insulation,55,2022,5,4.0,76.39996250244576
179,2022-05-08,insulation,55,2022,5,4.0,76.39996250244576
180,2022-05-15,insulation,53,2022,5,4.0,74.39996250244576
181,2022-05-22,insulation,52,2022,5,4.0,73.39996250244576
182,2022-05-29,insulation,47,2022,5,4.0,68.39996250244576
1250,2018-12-16,secondary glazing,38,2018,12,0.0,44.097689450619754
1249,2018-12-09,secondary glazing,37,2018,12,0.0,43.097689450619754
1248,2018-12-02,secondary glazing,27,2018,12,0.0,33.097689450619754
1251,2018-12-23,secondary glazing,11,2018,12,0.0,17.09768945061975
1252,2018-12-30,secondary glazing,19,2018,12,0.0,25.09768945061975
1271,2019-05-12,secondary glazing,17,2019,5,1.0,32.275962587881814
1272,2019-05-19,secondary glazing,15,2019,5,1.0,30.275962587881814
1273,2019-05-26,secondary glazing,16,2019,5,1.0,31.275962587881814
1274,2019-06-02,secondary glazing,12,2019,6,1.0,27.095404488529503
1275,2019-06-09,secondary glazing,20,2019,6,1.0,35.0954044885295
1276,2019-06-16,secondary glazing,4,2019,6,1.0,19.095404488529503
1277,2019-06-23,secondary glazing,16,2019,6,1.0,31.095404488529503
1278,2019-06-30,secondary glazing,18,2019,6,1.0,33.0954044885295
1279,2019-07-07,secondary glazing,17,2019,7,1.0,32.29252954111375
1280,2019-07-14,secondary glazing,29,2019,7,1.0,44.29252954111375
1281,2019-07-21,secondary glazing,16,2019,7,1.0,31.292529541113755
1282,2019-07-28,secondary glazing,14,2019,7,1.0,29.292529541113755
1283,2019-08-04,secondary glazing,21,2019,8,1.0,31.85736570763209
1284,2019-08-11,secondary glazing,0,2019,8,1.0,10.857365707632093
1285,2019-08-18,secondary glazing,10,2019,8,1.0,20.85736570763209
1286,2019-08-25,secondary glazing,19,2019,8,1.0,29.85736570763209
1287,2019-09-01,secondary glazing,18,2019,9,1.0,12.742463312058925
1270,2019-05-05,secondary glazing,27,2019,5,1.0,42.275962587881814
1288,2019-09-08,secondary glazing,36,2019,9,1.0,30.742463312058923
1269,2019-04-28,secondary glazing,20,2019,4,1.0,33.69764348540989
1267,2019-04-14,secondary glazing,17,2019,4,1.0,30.69764348540989
1253,2019-01-06,secondary glazing,30,2019,1,1.0,30.0
1254,2019-01-13,secondary glazing,33,2019,1,1.0,33.0
1255,2019-01-20,secondary glazing,39,2019,1,1.0,39.0
1256,2019-01-27,secondary glazing,44,2019,1,1.0,44.0
1257,2019-02-03,secondary glazing,42,2019,2,1.0,42.6351434854099
1258,2019-02-10,secondary glazing,34,2019,2,1.0,34.6351434854099
1259,2019-02-17,secondary glazing,30,2019,2,1.0,30.6351434854099
1260,2019-02-24,secondary glazing,17,2019,2,1.0,17.6351434854099
1261,2019-03-03,secondary glazing,18,2019,3,1.0,27.214731415264183
1263,2019-03-17,secondary glazing,31,2019,3,1.0,40.21473141526418
1264,2019-03-24,secondary glazing,28,2019,3,1.0,37.21473141526418
1265,2019-03-31,secondary glazing,25,2019,3,1.0,34.21473141526418
1266,2019-04-07,secondary glazing,12,2019,4,1.0,25.69764348540989
1268,2019-04-21,secondary glazing,10,2019,4,1.0,23.69764348540989
1289,2019-09-15,secondary glazing,38,2019,9,1.0,32.74246331205892
1291,2019-09-29,secondary glazing,29,2019,9,1.0,23.742463312058923
1290,2019-09-22,secondary glazing,39,2019,9,1.0,33.74246331205892
1292,2019-10-06,secondary glazing,39,2019,10,1.0,28.111111111111114
1293,2019-10-13,secondary glazing,35,2019,10,1.0,24.111111111111114
1294,2019-10-20,secondary glazing,47,2019,10,1.0,36.111111111111114
1295,2019-10-27,secondary glazing,40,2019,10,1.0,29.111111111111114
1296,2019-11-03,secondary glazing,49,2019,11,1.0,39.349679906496
1297,2019-11-10,secondary glazing,44,2019,11,1.0,34.349679906496
1298,2019-11-17,secondary glazing,46,2019,11,1.0,36.349679906496
1299,2019-11-24,secondary glazing,26,2019,11,1.0,16.349679906496
1300,2019-12-01,secondary glazing,34,2019,12,1.0,40.09768945061975
1301,2019-12-08,secondary glazing,26,2019,12,1.0,32.09768945061975
1302,2019-12-15,secondary glazing,18,2019,12,1.0,24.097689450619747
1303,2019-12-22,secondary glazing,12,2019,12,1.0,18.097689450619747
1304,2019-12-29,secondary glazing,22,2019,12,1.0,28.097689450619747
1262,2019-03-10,secondary glazing,15,2019,3,1.0,24.214731415264183
1327,2020-06-07,secondary glazing,14,2020,6,2.0,29.095404488529507
1328,2020-06-14,secondary glazing,27,2020,6,2.0,42.09540448852951
1329,2020-06-21,secondary glazing,12,2020,6,2.0,27.095404488529507
1330,2020-06-28,secondary glazing,13,2020,6,2.0,28.095404488529507
1331,2020-07-05,secondary glazing,23,2020,7,2.0,38.29252954111375
1333,2020-07-19,secondary glazing,29,2020,7,2.0,44.29252954111375
1332,2020-07-12,secondary glazing,20,2020,7,2.0,35.29252954111375
1356,2020-12-27,secondary glazing,33,2020,12,2.0,39.097689450619754
1334,2020-07-26,secondary glazing,5,2020,7,2.0,20.292529541113755
1335,2020-08-02,secondary glazing,17,2020,8,2.0,27.857365707632095
1336,2020-08-09,secondary glazing,13,2020,8,2.0,23.857365707632095
1337,2020-08-16,secondary glazing,26,2020,8,2.0,36.8573657076321
1338,2020-08-23,secondary glazing,19,2020,8,2.0,29.857365707632095
1339,2020-08-30,secondary glazing,35,2020,8,2.0,45.8573657076321
1340,2020-09-06,secondary glazing,21,2020,9,2.0,15.742463312058927
1341,2020-09-13,secondary glazing,17,2020,9,2.0,11.742463312058927
1342,2020-09-20,secondary glazing,33,2020,9,2.0,27.742463312058927
1343,2020-09-27,secondary glazing,27,2020,9,2.0,21.742463312058927
1344,2020-10-04,secondary glazing,49,2020,10,2.0,38.111111111111114
1346,2020-10-18,secondary glazing,41,2020,10,2.0,30.111111111111118
1347,2020-10-25,secondary glazing,36,2020,10,2.0,25.111111111111118
1348,2020-11-01,secondary glazing,35,2020,11,2.0,25.349679906495997
1349,2020-11-08,secondary glazing,25,2020,11,2.0,15.349679906495997
1350,2020-11-15,secondary glazing,25,2020,11,2.0,15.349679906495997
1351,2020-11-22,secondary glazing,31,2020,11,2.0,21.349679906495997
1352,2020-11-29,secondary glazing,31,2020,11,2.0,21.349679906495997
1353,2020-12-06,secondary glazing,25,2020,12,2.0,31.09768945061975
1354,2020-12-13,secondary glazing,13,2020,12,2.0,19.09768945061975
1355,2020-12-20,secondary glazing,12,2020,12,2.0,18.09768945061975
1345,2020-10-11,secondary glazing,42,2020,10,2.0,31.111111111111118
1307,2020-01-19,secondary glazing,21,2020,1,2.0,21.0
1308,2020-01-26,secondary glazing,29,2020,1,2.0,29.0
1309,2020-02-02,secondary glazing,26,2020,2,2.0,26.6351434854099
1310,2020-02-09,secondary glazing,31,2020,2,2.0,31.6351434854099
1311,2020-02-16,secondary glazing,31,2020,2,2.0,31.6351434854099
1312,2020-02-23,secondary glazing,28,2020,2,2.0,28.6351434854099
1313,2020-03-01,secondary glazing,23,2020,3,2.0,32.21473141526418
1314,2020-03-08,secondary glazing,17,2020,3,2.0,26.214731415264183
1315,2020-03-15,secondary glazing,16,2020,3,2.0,25.214731415264183
1316,2020-03-22,secondary glazing,7,2020,3,2.0,16.214731415264183
1306,2020-01-12,secondary glazing,18,2020,1,2.0,18.0
1317,2020-03-29,secondary glazing,9,2020,3,2.0,18.214731415264183
1319,2020-04-12,secondary glazing,15,2020,4,2.0,28.697643485409895
1320,2020-04-19,secondary glazing,13,2020,4,2.0,26.697643485409895
1321,2020-04-26,secondary glazing,11,2020,4,2.0,24.697643485409895
1322,2020-05-03,secondary glazing,13,2020,5,2.0,28.275962587881814
1323,2020-05-10,secondary glazing,14,2020,5,2.0,29.275962587881814
1324,2020-05-17,secondary glazing,19,2020,5,2.0,34.275962587881814
1325,2020-05-24,secondary glazing,16,2020,5,2.0,31.275962587881814
1326,2020-05-31,secondary glazing,19,2020,5,2.0,34.275962587881814
1318,2020-04-05,secondary glazing,12,2020,4,2.0,25.697643485409895
1305,2020-01-05,secondary glazing,30,2020,1,2.0,30.0
1408,2021-12-26,secondary glazing,9,2021,12,3.0,15.097689450619752
1369,2021-03-28,secondary glazing,18,2021,3,3.0,27.214731415264183
1370,2021-04-04,secondary glazing,28,2021,4,3.0,41.69764348540989
1371,2021-04-11,secondary glazing,27,2021,4,3.0,40.69764348540989
1372,2021-04-18,secondary glazing,20,2021,4,3.0,33.69764348540989
1373,2021-04-25,secondary glazing,28,2021,4,3.0,41.69764348540989
1374,2021-05-02,secondary glazing,21,2021,5,3.0,36.275962587881814
1375,2021-05-09,secondary glazing,18,2021,5,3.0,33.275962587881814
1376,2021-05-16,secondary glazing,11,2021,5,3.0,26.275962587881814
1377,2021-05-23,secondary glazing,24,2021,5,3.0,39.275962587881814
1378,2021-05-30,secondary glazing,9,2021,5,3.0,24.275962587881814
1368,2021-03-21,secondary glazing,21,2021,3,3.0,30.214731415264183
1379,2021-06-06,secondary glazing,17,2021,6,3.0,32.0954044885295
1381,2021-06-20,secondary glazing,5,2021,6,3.0,20.095404488529503
1382,2021-06-27,secondary glazing,24,2021,6,3.0,39.0954044885295
1383,2021-07-04,secondary glazing,14,2021,7,3.0,29.29252954111376
1384,2021-07-11,secondary glazing,0,2021,7,3.0,15.292529541113757
1386,2021-07-25,secondary glazing,13,2021,7,3.0,28.29252954111376
1387,2021-08-01,secondary glazing,20,2021,8,3.0,30.85736570763209
1388,2021-08-08,secondary glazing,16,2021,8,3.0,26.85736570763209
1389,2021-08-15,secondary glazing,19,2021,8,3.0,29.85736570763209
1390,2021-08-22,secondary glazing,7,2021,8,3.0,17.85736570763209
1380,2021-06-13,secondary glazing,20,2021,6,3.0,35.0954044885295
1391,2021-08-29,secondary glazing,19,2021,8,3.0,29.85736570763209
1367,2021-03-14,secondary glazing,28,2021,3,3.0,37.21473141526418
1365,2021-02-28,secondary glazing,32,2021,2,3.0,32.6351434854099
1366,2021-03-07,secondary glazing,27,2021,3,3.0,36.21473141526418
1357,2021-01-03,secondary glazing,43,2021,1,3.0,43.0
1358,2021-01-10,secondary glazing,34,2021,1,3.0,34.0
1359,2021-01-17,secondary glazing,35,2021,1,3.0,35.0
1360,2021-01-24,secondary glazing,32,2021,1,3.0,32.0
1361,2021-01-31,secondary glazing,32,2021,1,3.0,32.0
1362,2021-02-07,secondary glazing,54,2021,2,3.0,54.6351434854099
1363,2021-02-14,secondary glazing,26,2021,2,3.0,26.6351434854099
1364,2021-02-21,secondary glazing,16,2021,2,3.0,16.6351434854099
1392,2021-09-05,secondary glazing,19,2021,9,3.0,13.742463312058929
1385,2021-07-18,secondary glazing,11,2021,7,3.0,26.29252954111376
1394,2021-09-19,secondary glazing,26,2021,9,3.0,20.74246331205893
1393,2021-09-12,secondary glazing,21,2021,9,3.0,15.742463312058929
1395,2021-09-26,secondary glazing,42,2021,9,3.0,36.74246331205893
1396,2021-10-03,secondary glazing,42,2021,10,3.0,31.111111111111114
1397,2021-10-10,secondary glazing,38,2021,10,3.0,27.111111111111114
1398,2021-10-17,secondary glazing,48,2021,10,3.0,37.111111111111114
1400,2021-10-31,secondary glazing,51,2021,10,3.0,40.111111111111114
1401,2021-11-07,secondary glazing,43,2021,11,3.0,33.349679906496
1402,2021-11-14,secondary glazing,27,2021,11,3.0,17.349679906496
1403,2021-11-21,secondary glazing,40,2021,11,3.0,30.349679906496
1404,2021-11-28,secondary glazing,41,2021,11,3.0,31.349679906496
1405,2021-12-05,secondary glazing,34,2021,12,3.0,40.097689450619754
1399,2021-10-24,secondary glazing,20,2021,10,3.0,9.111111111111112
1407,2021-12-19,secondary glazing,19,2021,12,3.0,25.097689450619754
1406,2021-12-12,secondary glazing,22,2021,12,3.0,28.097689450619754
1423,2022-04-10,secondary glazing,28,2022,4,4.0,41.69764348540989
1424,2022-04-17,secondary glazing,21,2022,4,4.0,34.69764348540989
1425,2022-04-24,secondary glazing,16,2022,4,4.0,29.69764348540989
1426,2022-05-01,secondary glazing,35,2022,5,4.0,50.275962587881814
1427,2022-05-08,secondary glazing,14,2022,5,4.0,29.275962587881814
1428,2022-05-15,secondary glazing,25,2022,5,4.0,40.275962587881814
1429,2022-05-22,secondary glazing,18,2022,5,4.0,33.275962587881814
1430,2022-05-29,secondary glazing,14,2022,5,4.0,29.275962587881814
1431,2022-06-05,secondary glazing,28,2022,6,4.0,43.0954044885295
1432,2022-06-12,secondary glazing,24,2022,6,4.0,39.0954044885295
1433,2022-06-19,secondary glazing,17,2022,6,4.0,32.0954044885295
1434,2022-06-26,secondary glazing,30,2022,6,4.0,45.0954044885295
1435,2022-07-03,secondary glazing,17,2022,7,4.0,32.29252954111375
1436,2022-07-10,secondary glazing,25,2022,7,4.0,40.29252954111375
1437,2022-07-17,secondary glazing,26,2022,7,4.0,41.29252954111375
1438,2022-07-24,secondary glazing,28,2022,7,4.0,43.29252954111375
1439,2022-07-31,secondary glazing,22,2022,7,4.0,37.29252954111375
1453,2022-11-06,secondary glazing,69,2022,11,4.0,59.349679906496
1452,2022-10-30,secondary glazing,52,2022,10,4.0,41.111111111111114
1451,2022-10-23,secondary glazing,54,2022,10,4.0,43.111111111111114
1450,2022-10-16,secondary glazing,44,2022,10,4.0,33.111111111111114
1449,2022-10-09,secondary glazing,57,2022,10,4.0,46.111111111111114
1448,2022-10-02,secondary glazing,65,2022,10,4.0,54.111111111111114
1422,2022-04-03,secondary glazing,33,2022,4,4.0,46.69764348540989
1447,2022-09-25,secondary glazing,86,2022,9,4.0,80.74246331205893
1445,2022-09-11,secondary glazing,81,2022,9,4.0,75.74246331205893
1444,2022-09-04,secondary glazing,48,2022,9,4.0,42.74246331205892
1443,2022-08-28,secondary glazing,68,2022,8,4.0,78.85736570763208
1442,2022-08-21,secondary glazing,41,2022,8,4.0,51.85736570763209
1441,2022-08-14,secondary glazing,27,2022,8,4.0,37.85736570763209
1440,2022-08-07,secondary glazing,24,2022,8,4.0,34.85736570763209
1446,2022-09-18,secondary glazing,66,2022,9,4.0,60.74246331205892
1421,2022-03-27,secondary glazing,38,2022,3,4.0,47.21473141526418
1419,2022-03-13,secondary glazing,32,2022,3,4.0,41.21473141526418
1418,2022-03-06,secondary glazing,38,2022,3,4.0,47.21473141526418
1417,2022-02-27,secondary glazing,34,2022,2,4.0,34.6351434854099
1416,2022-02-20,secondary glazing,23,2022,2,4.0,23.6351434854099
1415,2022-02-13,secondary glazing,41,2022,2,4.0,41.6351434854099
1414,2022-02-06,secondary glazing,55,2022,2,4.0,55.6351434854099
1413,2022-01-30,secondary glazing,26,2022,1,4.0,26.0
1420,2022-03-20,secondary glazing,32,2022,3,4.0,41.21473141526418
1412,2022-01-23,secondary glazing,38,2022,1,4.0,38.0
1410,2022-01-09,secondary glazing,47,2022,1,4.0,47.0
1409,2022-01-02,secondary glazing,37,2022,1,4.0,37.0
1411,2022-01-16,secondary glazing,36,2022,1,4.0,36.0
1454,2022-11-13,secondary glazing,45,2022,11,4.0,35.349679906496
1455,2022-11-20,secondary glazing,100,2022,11,4.0,90.349679906496
208,2018-12-02,efficient heater,14,2018,12,0.0,11.746558207614271
209,2018-12-09,efficient heater,13,2018,12,0.0,10.746558207614271
210,2018-12-16,efficient heater,8,2018,12,0.0,5.746558207614272
211,2018-12-23,efficient heater,5,2018,12,0.0,2.746558207614272
212,2018-12-30,efficient heater,18,2018,12,0.0,15.746558207614271
264,2019-12-29,efficient heater,8,2019,12,1.0,5.746558207614273
263,2019-12-22,efficient heater,5,2019,12,1.0,2.7465582076142727
262,2019-12-15,efficient heater,14,2019,12,1.0,11.746558207614273
260,2019-12-01,efficient heater,14,2019,12,1.0,11.746558207614273
261,2019-12-08,efficient heater,12,2019,12,1.0,9.746558207614273
244,2019-08-11,efficient heater,4,2019,8,1.0,9.74463660473257
231,2019-05-12,efficient heater,0,2019,5,1.0,10.779880186750065
230,2019-05-05,efficient heater,4,2019,5,1.0,14.779880186750065
229,2019-04-28,efficient heater,0,2019,4,1.0,10.091858826954855
228,2019-04-21,efficient heater,0,2019,4,1.0,10.091858826954855
227,2019-04-14,efficient heater,2,2019,4,1.0,12.091858826954855
226,2019-04-07,efficient heater,0,2019,4,1.0,10.091858826954855
225,2019-03-31,efficient heater,5,2019,3,1.0,13.600384320576294
224,2019-03-24,efficient heater,5,2019,3,1.0,13.600384320576294
223,2019-03-17,efficient heater,0,2019,3,1.0,8.600384320576294
222,2019-03-10,efficient heater,6,2019,3,1.0,14.600384320576294
232,2019-05-19,efficient heater,5,2019,5,1.0,15.779880186750065
221,2019-03-03,efficient heater,3,2019,3,1.0,11.600384320576294
219,2019-02-17,efficient heater,4,2019,2,1.0,8.841858826954848
218,2019-02-10,efficient heater,6,2019,2,1.0,10.841858826954848
217,2019-02-03,efficient heater,13,2019,2,1.0,17.841858826954848
216,2019-01-27,efficient heater,18,2019,1,1.0,18.0
215,2019-01-20,efficient heater,13,2019,1,1.0,13.0
214,2019-01-13,efficient heater,30,2019,1,1.0,30.0
213,2019-01-06,efficient heater,11,2019,1,1.0,11.0
220,2019-02-24,efficient heater,6,2019,2,1.0,10.841858826954848
233,2019-05-26,efficient heater,3,2019,5,1.0,13.779880186750065
234,2019-06-02,efficient heater,4,2019,6,1.0,15.764070248360168
235,2019-06-09,efficient heater,5,2019,6,1.0,16.76407024836017
259,2019-11-24,efficient heater,12,2019,11,1.0,0.05457500727907316
258,2019-11-17,efficient heater,26,2019,11,1.0,14.054575007279073
257,2019-11-10,efficient heater,30,2019,11,1.0,18.054575007279073
256,2019-11-03,efficient heater,16,2019,11,1.0,4.054575007279073
255,2019-10-27,efficient heater,24,2019,10,1.0,13.555555555555529
254,2019-10-20,efficient heater,23,2019,10,1.0,12.555555555555529
253,2019-10-13,efficient heater,12,2019,10,1.0,1.5555555555555287
252,2019-10-06,efficient heater,14,2019,10,1.0,3.5555555555555287
251,2019-09-29,efficient heater,20,2019,9,1.0,10.705246718948406
250,2019-09-22,efficient heater,5,2019,9,1.0,-4.2947532810515945
249,2019-09-15,efficient heater,15,2019,9,1.0,5.7052467189484055
248,2019-09-08,efficient heater,8,2019,9,1.0,-1.2947532810515945
247,2019-09-01,efficient heater,9,2019,9,1.0,-0.2947532810515945
246,2019-08-25,efficient heater,3,2019,8,1.0,8.74463660473257
245,2019-08-18,efficient heater,4,2019,8,1.0,9.74463660473257
243,2019-08-04,efficient heater,0,2019,8,1.0,5.7446366047325705
242,2019-07-28,efficient heater,5,2019,7,1.0,16.22847093496121
241,2019-07-21,efficient heater,2,2019,7,1.0,13.228470934961207
240,2019-07-14,efficient heater,0,2019,7,1.0,11.228470934961207
239,2019-07-07,efficient heater,8,2019,7,1.0,19.22847093496121
238,2019-06-30,efficient heater,4,2019,6,1.0,15.764070248360168
237,2019-06-23,efficient heater,4,2019,6,1.0,15.764070248360168
236,2019-06-16,efficient heater,0,2019,6,1.0,11.764070248360168
268,2020-01-26,efficient heater,9,2020,1,2.0,8.999999999999998
269,2020-02-02,efficient heater,9,2020,2,2.0,13.841858826954848
270,2020-02-09,efficient heater,0,2020,2,2.0,4.841858826954848
271,2020-02-16,efficient heater,7,2020,2,2.0,11.841858826954848
272,2020-02-23,efficient heater,6,2020,2,2.0,10.841858826954848
266,2020-01-12,efficient heater,13,2020,1,2.0,12.999999999999998
273,2020-03-01,efficient heater,0,2020,3,2.0,8.600384320576294
275,2020-03-15,efficient heater,0,2020,3,2.0,8.600384320576294
276,2020-03-22,efficient heater,4,2020,3,2.0,12.600384320576294
277,2020-03-29,efficient heater,2,2020,3,2.0,10.600384320576294
278,2020-04-05,efficient heater,0,2020,4,2.0,10.091858826954855
279,2020-04-12,efficient heater,3,2020,4,2.0,13.091858826954855
280,2020-04-19,efficient heater,2,2020,4,2.0,12.091858826954855
274,2020-03-08,efficient heater,6,2020,3,2.0,14.600384320576294
265,2020-01-05,efficient heater,8,2020,1,2.0,7.999999999999998
281,2020-04-26,efficient heater,4,2020,4,2.0,14.091858826954855
282,2020-05-03,efficient heater,3,2020,5,2.0,13.779880186750065
267,2020-01-19,efficient heater,8,2020,1,2.0,7.999999999999998
284,2020-05-17,efficient heater,0,2020,5,2.0,10.779880186750065
301,2020-09-13,efficient heater,0,2020,9,2.0,-9.294753281051593
302,2020-09-20,efficient heater,22,2020,9,2.0,12.705246718948407
303,2020-09-27,efficient heater,26,2020,9,2.0,16.70524671894841
304,2020-10-04,efficient heater,18,2020,10,2.0,7.555555555555527
305,2020-10-11,efficient heater,29,2020,10,2.0,18.55555555555553
306,2020-10-18,efficient heater,12,2020,10,2.0,1.555555555555527
307,2020-10-25,efficient heater,16,2020,10,2.0,5.555555555555527
300,2020-09-06,efficient heater,8,2020,9,2.0,-1.2947532810515927
308,2020-11-01,efficient heater,15,2020,11,2.0,3.054575007279075
310,2020-11-15,efficient heater,13,2020,11,2.0,1.054575007279075
311,2020-11-22,efficient heater,13,2020,11,2.0,1.054575007279075
312,2020-11-29,efficient heater,18,2020,11,2.0,6.054575007279075
313,2020-12-06,efficient heater,23,2020,12,2.0,20.74655820761427
314,2020-12-13,efficient heater,8,2020,12,2.0,5.746558207614273
315,2020-12-20,efficient heater,6,2020,12,2.0,3.7465582076142727
283,2020-05-10,efficient heater,4,2020,5,2.0,14.779880186750065
309,2020-11-08,efficient heater,15,2020,11,2.0,3.054575007279075
299,2020-08-30,efficient heater,12,2020,8,2.0,17.74463660473257
316,2020-12-27,efficient heater,20,2020,12,2.0,17.74655820761427
286,2020-05-31,efficient heater,4,2020,5,2.0,14.779880186750065
285,2020-05-24,efficient heater,4,2020,5,2.0,14.779880186750065
287,2020-06-07,efficient heater,3,2020,6,2.0,14.764070248360168
288,2020-06-14,efficient heater,2,2020,6,2.0,13.764070248360168
289,2020-06-21,efficient heater,6,2020,6,2.0,17.76407024836017
290,2020-06-28,efficient heater,0,2020,6,2.0,11.764070248360168
291,2020-07-05,efficient heater,3,2020,7,2.0,14.228470934961207
293,2020-07-19,efficient heater,5,2020,7,2.0,16.22847093496121
298,2020-08-23,efficient heater,3,2020,8,2.0,8.74463660473257
292,2020-07-12,efficient heater,4,2020,7,2.0,15.228470934961207
295,2020-08-02,efficient heater,2,2020,8,2.0,7.7446366047325705
296,2020-08-09,efficient heater,8,2020,8,2.0,13.74463660473257
297,2020-08-16,efficient heater,8,2020,8,2.0,13.74463660473257
294,2020-07-26,efficient heater,2,2020,7,2.0,13.228470934961207
333,2021-04-25,efficient heater,7,2021,4,3.0,17.091858826954855
347,2021-08-01,efficient heater,0,2021,8,3.0,5.7446366047325705
334,2021-05-02,efficient heater,7,2021,5,3.0,17.779880186750063
335,2021-05-09,efficient heater,3,2021,5,3.0,13.779880186750065
336,2021-05-16,efficient heater,4,2021,5,3.0,14.779880186750065
337,2021-05-23,efficient heater,5,2021,5,3.0,15.779880186750065
338,2021-05-30,efficient heater,4,2021,5,3.0,14.779880186750065
339,2021-06-06,efficient heater,0,2021,6,3.0,11.764070248360168
340,2021-06-13,efficient heater,2,2021,6,3.0,13.764070248360168
341,2021-06-20,efficient heater,0,2021,6,3.0,11.764070248360168
343,2021-07-04,efficient heater,3,2021,7,3.0,14.228470934961207
344,2021-07-11,efficient heater,0,2021,7,3.0,11.228470934961207
345,2021-07-18,efficient heater,6,2021,7,3.0,17.22847093496121
346,2021-07-25,efficient heater,3,2021,7,3.0,14.228470934961207
348,2021-08-08,efficient heater,5,2021,8,3.0,10.74463660473257
349,2021-08-15,efficient heater,3,2021,8,3.0,8.74463660473257
350,2021-08-22,efficient heater,7,2021,8,3.0,12.74463660473257
332,2021-04-18,efficient heater,8,2021,4,3.0,18.091858826954855
342,2021-06-27,efficient heater,0,2021,6,3.0,11.764070248360168
317,2021-01-03,efficient heater,22,2021,1,3.0,22.0
318,2021-01-10,efficient heater,16,2021,1,3.0,16.0
319,2021-01-17,efficient heater,13,2021,1,3.0,13.0
320,2021-01-24,efficient heater,12,2021,1,3.0,12.0
321,2021-01-31,efficient heater,17,2021,1,3.0,17.0
322,2021-02-07,efficient heater,25,2021,2,3.0,29.841858826954848
323,2021-02-14,efficient heater,15,2021,2,3.0,19.841858826954848
324,2021-02-21,efficient heater,8,2021,2,3.0,12.841858826954848
325,2021-02-28,efficient heater,8,2021,2,3.0,12.841858826954848
326,2021-03-07,efficient heater,8,2021,3,3.0,16.600384320576293
328,2021-03-21,efficient heater,4,2021,3,3.0,12.600384320576293
329,2021-03-28,efficient heater,0,2021,3,3.0,8.600384320576293
330,2021-04-04,efficient heater,10,2021,4,3.0,20.091858826954855
331,2021-04-11,efficient heater,3,2021,4,3.0,13.091858826954855
327,2021-03-14,efficient heater,5,2021,3,3.0,13.600384320576293
351,2021-08-29,efficient heater,7,2021,8,3.0,12.74463660473257
352,2021-09-05,efficient heater,5,2021,9,3.0,-4.2947532810515945
363,2021-11-21,efficient heater,37,2021,11,3.0,25.054575007279073
354,2021-09-19,efficient heater,14,2021,9,3.0,4.7052467189484055
353,2021-09-12,efficient heater,9,2021,9,3.0,-0.2947532810515945
355,2021-09-26,efficient heater,17,2021,9,3.0,7.7052467189484055
356,2021-10-03,efficient heater,24,2021,10,3.0,13.555555555555529
357,2021-10-10,efficient heater,16,2021,10,3.0,5.555555555555529
358,2021-10-17,efficient heater,18,2021,10,3.0,7.555555555555529
359,2021-10-24,efficient heater,15,2021,10,3.0,4.555555555555529
360,2021-10-31,efficient heater,26,2021,10,3.0,15.555555555555529
361,2021-11-07,efficient heater,15,2021,11,3.0,3.054575007279073
362,2021-11-14,efficient heater,6,2021,11,3.0,-5.945424992720927
364,2021-11-28,efficient heater,30,2021,11,3.0,18.054575007279073
365,2021-12-05,efficient heater,31,2021,12,3.0,28.74655820761427
367,2021-12-19,efficient heater,9,2021,12,3.0,6.746558207614271
368,2021-12-26,efficient heater,9,2021,12,3.0,6.746558207614271
366,2021-12-12,efficient heater,7,2021,12,3.0,4.746558207614271
392,2022-06-12,efficient heater,3,2022,6,4.0,14.764070248360166
393,2022-06-19,efficient heater,6,2022,6,4.0,17.764070248360166
394,2022-06-26,efficient heater,9,2022,6,4.0,20.764070248360166
395,2022-07-03,efficient heater,8,2022,7,4.0,19.228470934961205
396,2022-07-10,efficient heater,2,2022,7,4.0,13.228470934961205
397,2022-07-17,efficient heater,3,2022,7,4.0,14.228470934961205
398,2022-07-24,efficient heater,9,2022,7,4.0,20.228470934961205
399,2022-07-31,efficient heater,7,2022,7,4.0,18.228470934961205
400,2022-08-07,efficient heater,21,2022,8,4.0,26.74463660473257
401,2022-08-14,efficient heater,9,2022,8,4.0,14.74463660473257
402,2022-08-21,efficient heater,32,2022,8,4.0,37.74463660473257
403,2022-08-28,efficient heater,38,2022,8,4.0,43.74463660473257
404,2022-09-04,efficient heater,34,2022,9,4.0,24.705246718948406
406,2022-09-18,efficient heater,69,2022,9,4.0,59.7052467189484
407,2022-09-25,efficient heater,100,2022,9,4.0,90.7052467189484
408,2022-10-02,efficient heater,59,2022,10,4.0,48.55555555555553
409,2022-10-09,efficient heater,51,2022,10,4.0,40.55555555555553
410,2022-10-16,efficient heater,40,2022,10,4.0,29.55555555555553
411,2022-10-23,efficient heater,22,2022,10,4.0,11.555555555555529
412,2022-10-30,efficient heater,47,2022,10,4.0,36.55555555555553
413,2022-11-06,efficient heater,46,2022,11,4.0,34.05457500727908
414,2022-11-13,efficient heater,61,2022,11,4.0,49.05457500727908
415,2022-11-20,efficient heater,69,2022,11,4.0,57.05457500727908
405,2022-09-11,efficient heater,45,2022,9,4.0,35.7052467189484
391,2022-06-05,efficient heater,0,2022,6,4.0,11.764070248360166
390,2022-05-29,efficient heater,5,2022,5,4.0,15.779880186750063
389,2022-05-22,efficient heater,12,2022,5,4.0,22.779880186750063
388,2022-05-15,efficient heater,6,2022,5,4.0,16.779880186750063
369,2022-01-02,efficient heater,19,2022,1,4.0,19.0
370,2022-01-09,efficient heater,13,2022,1,4.0,13.0
371,2022-01-16,efficient heater,21,2022,1,4.0,21.0
372,2022-01-23,efficient heater,18,2022,1,4.0,18.0
373,2022-01-30,efficient heater,17,2022,1,4.0,17.0
374,2022-02-06,efficient heater,6,2022,2,4.0,10.841858826954848
376,2022-02-20,efficient heater,20,2022,2,4.0,24.841858826954848
377,2022-02-27,efficient heater,14,2022,2,4.0,18.841858826954848
378,2022-03-06,efficient heater,18,2022,3,4.0,26.600384320576293
379,2022-03-13,efficient heater,13,2022,3,4.0,21.600384320576293
380,2022-03-20,efficient heater,9,2022,3,4.0,17.600384320576293
381,2022-03-27,efficient heater,18,2022,3,4.0,26.600384320576293
382,2022-04-03,efficient heater,21,2022,4,4.0,31.091858826954855
383,2022-04-10,efficient heater,7,2022,4,4.0,17.091858826954855
384,2022-04-17,efficient heater,4,2022,4,4.0,14.091858826954855
385,2022-04-24,efficient heater,7,2022,4,4.0,17.091858826954855
386,2022-05-01,efficient heater,6,2022,5,4.0,16.779880186750063
387,2022-05-08,efficient heater,7,2022,5,4.0,17.779880186750063
375,2022-02-13,efficient heater,15,2022,2,4.0,19.841858826954848
625,2018-12-09,energy efficient,9,2018,12,0.0,5.151258133431799
628,2018-12-30,energy efficient,13,2018,12,0.0,9.1512581334318
627,2018-12-23,energy efficient,9,2018,12,0.0,5.151258133431799
626,2018-12-16,energy efficient,13,2018,12,0.0,9.1512581334318
624,2018-12-02,energy efficient,12,2018,12,0.0,8.1512581334318
658,2019-07-28,energy efficient,11,2019,7,1.0,13.616467398219326
659,2019-08-04,energy efficient,7,2019,8,1.0,4.311730537382681
660,2019-08-11,energy efficient,12,2019,8,1.0,9.311730537382681
661,2019-08-18,energy efficient,7,2019,8,1.0,4.311730537382681
662,2019-08-25,energy efficient,6,2019,8,1.0,3.3117305373826813
663,2019-09-01,energy efficient,9,2019,9,1.0,-0.3590193953493426
664,2019-09-08,energy efficient,14,2019,9,1.0,4.640980604650657
665,2019-09-15,energy efficient,10,2019,9,1.0,0.6409806046506574
666,2019-09-22,energy efficient,10,2019,9,1.0,0.6409806046506574
667,2019-09-29,energy efficient,16,2019,9,1.0,6.640980604650657
668,2019-10-06,energy efficient,15,2019,10,1.0,3.8333333333333357
657,2019-07-21,energy efficient,10,2019,7,1.0,12.616467398219326
669,2019-10-13,energy efficient,17,2019,10,1.0,5.833333333333336
671,2019-10-27,energy efficient,17,2019,10,1.0,5.833333333333336
672,2019-11-03,energy efficient,15,2019,11,1.0,6.898538503049345
673,2019-11-10,energy efficient,16,2019,11,1.0,7.898538503049345
674,2019-11-17,energy efficient,19,2019,11,1.0,10.898538503049345
675,2019-11-24,energy efficient,14,2019,11,1.0,5.898538503049345
676,2019-12-01,energy efficient,17,2019,12,1.0,13.1512581334318
677,2019-12-08,energy efficient,13,2019,12,1.0,9.1512581334318
678,2019-12-15,energy efficient,17,2019,12,1.0,13.1512581334318
679,2019-12-22,energy efficient,8,2019,12,1.0,4.151258133431799
680,2019-12-29,energy efficient,12,2019,12,1.0,8.1512581334318
670,2019-10-20,energy efficient,17,2019,10,1.0,5.833333333333336
656,2019-07-14,energy efficient,12,2019,7,1.0,14.616467398219326
655,2019-07-07,energy efficient,10,2019,7,1.0,12.616467398219326
654,2019-06-30,energy efficient,6,2019,6,1.0,11.582157075238896
629,2019-01-06,energy efficient,14,2019,1,1.0,14.0
630,2019-01-13,energy efficient,14,2019,1,1.0,14.0
631,2019-01-20,energy efficient,12,2019,1,1.0,12.0
632,2019-01-27,energy efficient,11,2019,1,1.0,11.0
633,2019-02-03,energy efficient,13,2019,2,1.0,14.360341648493813
634,2019-02-10,energy efficient,10,2019,2,1.0,11.360341648493813
635,2019-02-17,energy efficient,8,2019,2,1.0,9.360341648493813
636,2019-02-24,energy efficient,14,2019,2,1.0,15.360341648493813
637,2019-03-03,energy efficient,9,2019,3,1.0,11.067905519209827
638,2019-03-10,energy efficient,9,2019,3,1.0,11.067905519209827
639,2019-03-17,energy efficient,8,2019,3,1.0,10.067905519209827
640,2019-03-24,energy efficient,9,2019,3,1.0,11.067905519209827
641,2019-03-31,energy efficient,10,2019,3,1.0,12.067905519209827
642,2019-04-07,energy efficient,9,2019,4,1.0,11.235341648493813
643,2019-04-14,energy efficient,9,2019,4,1.0,11.235341648493813
644,2019-04-21,energy efficient,8,2019,4,1.0,10.235341648493813
645,2019-04-28,energy efficient,12,2019,4,1.0,14.235341648493813
646,2019-05-05,energy efficient,10,2019,5,1.0,14.122401529827165
647,2019-05-12,energy efficient,11,2019,5,1.0,15.122401529827165
648,2019-05-19,energy efficient,11,2019,5,1.0,15.122401529827165
649,2019-05-26,energy efficient,7,2019,5,1.0,11.122401529827165
650,2019-06-02,energy efficient,11,2019,6,1.0,16.582157075238896
651,2019-06-09,energy efficient,12,2019,6,1.0,17.582157075238896
652,2019-06-16,energy efficient,9,2019,6,1.0,14.582157075238896
653,2019-06-23,energy efficient,5,2019,6,1.0,10.582157075238896
699,2020-05-10,energy efficient,12,2020,5,2.0,16.122401529827165
698,2020-05-03,energy efficient,15,2020,5,2.0,19.122401529827165
697,2020-04-26,energy efficient,8,2020,4,2.0,10.235341648493813
696,2020-04-19,energy efficient,11,2020,4,2.0,13.235341648493813
695,2020-04-12,energy efficient,9,2020,4,2.0,11.235341648493813
694,2020-04-05,energy efficient,11,2020,4,2.0,13.235341648493813
693,2020-03-29,energy efficient,8,2020,3,2.0,10.067905519209827
692,2020-03-22,energy efficient,11,2020,3,2.0,13.067905519209827
691,2020-03-15,energy efficient,9,2020,3,2.0,11.067905519209827
690,2020-03-08,energy efficient,10,2020,3,2.0,12.067905519209827
700,2020-05-17,energy efficient,12,2020,5,2.0,16.122401529827165
689,2020-03-01,energy efficient,12,2020,3,2.0,14.067905519209827
687,2020-02-16,energy efficient,17,2020,2,2.0,18.360341648493815
686,2020-02-09,energy efficient,15,2020,2,2.0,16.360341648493815
685,2020-02-02,energy efficient,16,2020,2,2.0,17.360341648493815
684,2020-01-26,energy efficient,11,2020,1,2.0,11.0
683,2020-01-19,energy efficient,13,2020,1,2.0,13.0
682,2020-01-12,energy efficient,17,2020,1,2.0,17.0
681,2020-01-05,energy efficient,17,2020,1,2.0,17.0
688,2020-02-23,energy efficient,10,2020,2,2.0,11.360341648493813
701,2020-05-24,energy efficient,7,2020,5,2.0,11.122401529827165
703,2020-06-07,energy efficient,9,2020,6,2.0,14.582157075238896
725,2020-11-08,energy efficient,16,2020,11,2.0,7.898538503049345
724,2020-11-01,energy efficient,20,2020,11,2.0,11.898538503049345
723,2020-10-25,energy efficient,15,2020,10,2.0,3.833333333333332
722,2020-10-18,energy efficient,15,2020,10,2.0,3.833333333333332
721,2020-10-11,energy efficient,18,2020,10,2.0,6.833333333333332
720,2020-10-04,energy efficient,21,2020,10,2.0,9.833333333333332
719,2020-09-27,energy efficient,23,2020,9,2.0,13.640980604650657
718,2020-09-20,energy efficient,15,2020,9,2.0,5.640980604650657
717,2020-09-13,energy efficient,14,2020,9,2.0,4.640980604650657
716,2020-09-06,energy efficient,15,2020,9,2.0,5.640980604650657
702,2020-05-31,energy efficient,14,2020,5,2.0,18.122401529827165
715,2020-08-30,energy efficient,16,2020,8,2.0,13.31173053738268
713,2020-08-16,energy efficient,11,2020,8,2.0,8.31173053738268
712,2020-08-09,energy efficient,13,2020,8,2.0,10.31173053738268
711,2020-08-02,energy efficient,19,2020,8,2.0,16.31173053738268
710,2020-07-26,energy efficient,11,2020,7,2.0,13.616467398219326
709,2020-07-19,energy efficient,16,2020,7,2.0,18.616467398219328
708,2020-07-12,energy efficient,11,2020,7,2.0,13.616467398219326
707,2020-07-05,energy efficient,30,2020,7,2.0,32.61646739821933
706,2020-06-28,energy efficient,11,2020,6,2.0,16.582157075238896
705,2020-06-21,energy efficient,12,2020,6,2.0,17.582157075238896
704,2020-06-14,energy efficient,11,2020,6,2.0,16.582157075238896
714,2020-08-23,energy efficient,10,2020,8,2.0,7.3117305373826795
726,2020-11-15,energy efficient,14,2020,11,2.0,5.898538503049345
728,2020-11-29,energy efficient,17,2020,11,2.0,8.898538503049345
730,2020-12-13,energy efficient,11,2020,12,2.0,7.151258133431799
729,2020-12-06,energy efficient,19,2020,12,2.0,15.1512581334318
732,2020-12-27,energy efficient,15,2020,12,2.0,11.1512581334318
731,2020-12-20,energy efficient,10,2020,12,2.0,6.151258133431799
727,2020-11-22,energy efficient,18,2020,11,2.0,9.898538503049345
745,2021-03-28,energy efficient,9,2021,3,3.0,11.067905519209827
744,2021-03-21,energy efficient,11,2021,3,3.0,13.067905519209827
743,2021-03-14,energy efficient,11,2021,3,3.0,13.067905519209827
742,2021-03-07,energy efficient,15,2021,3,3.0,17.067905519209827
741,2021-02-28,energy efficient,16,2021,2,3.0,17.360341648493815
739,2021-02-14,energy efficient,9,2021,2,3.0,10.360341648493815
738,2021-02-07,energy efficient,22,2021,2,3.0,23.360341648493815
737,2021-01-31,energy efficient,18,2021,1,3.0,18.0
736,2021-01-24,energy efficient,15,2021,1,3.0,15.0
735,2021-01-17,energy efficient,17,2021,1,3.0,17.0
733,2021-01-03,energy efficient,22,2021,1,3.0,22.0
734,2021-01-10,energy efficient,19,2021,1,3.0,19.0
746,2021-04-04,energy efficient,16,2021,4,3.0,18.23534164849381
747,2021-04-11,energy efficient,12,2021,4,3.0,14.235341648493812
740,2021-02-21,energy efficient,16,2021,2,3.0,17.360341648493815
749,2021-04-25,energy efficient,13,2021,4,3.0,15.235341648493812
748,2021-04-18,energy efficient,13,2021,4,3.0,15.235341648493812
771,2021-09-26,energy efficient,20,2021,9,3.0,10.640980604650657
770,2021-09-19,energy efficient,17,2021,9,3.0,7.640980604650657
769,2021-09-12,energy efficient,16,2021,9,3.0,6.640980604650657
768,2021-09-05,energy efficient,12,2021,9,3.0,2.6409806046506574
767,2021-08-29,energy efficient,13,2021,8,3.0,10.31173053738268
765,2021-08-15,energy efficient,11,2021,8,3.0,8.31173053738268
764,2021-08-08,energy efficient,10,2021,8,3.0,7.3117305373826795
763,2021-08-01,energy efficient,10,2021,8,3.0,7.3117305373826795
762,2021-07-25,energy efficient,16,2021,7,3.0,18.616467398219328
772,2021-10-03,energy efficient,25,2021,10,3.0,13.833333333333332
761,2021-07-18,energy efficient,13,2021,7,3.0,15.616467398219328
759,2021-07-04,energy efficient,9,2021,7,3.0,11.616467398219328
758,2021-06-27,energy efficient,9,2021,6,3.0,14.582157075238896
757,2021-06-20,energy efficient,8,2021,6,3.0,13.582157075238896
756,2021-06-13,energy efficient,9,2021,6,3.0,14.582157075238896
755,2021-06-06,energy efficient,12,2021,6,3.0,17.582157075238896
754,2021-05-30,energy efficient,12,2021,5,3.0,16.122401529827165
753,2021-05-23,energy efficient,13,2021,5,3.0,17.122401529827165
752,2021-05-16,energy efficient,9,2021,5,3.0,13.122401529827165
751,2021-05-09,energy efficient,18,2021,5,3.0,22.122401529827165
750,2021-05-02,energy efficient,13,2021,5,3.0,17.122401529827165
760,2021-07-11,energy efficient,9,2021,7,3.0,11.616467398219328
773,2021-10-10,energy efficient,24,2021,10,3.0,12.833333333333332
766,2021-08-22,energy efficient,12,2021,8,3.0,9.31173053738268
775,2021-10-24,energy efficient,21,2021,10,3.0,9.833333333333332
774,2021-10-17,energy efficient,26,2021,10,3.0,14.833333333333332
776,2021-10-31,energy efficient,28,2021,10,3.0,16.833333333333332
777,2021-11-07,energy efficient,23,2021,11,3.0,14.898538503049345
779,2021-11-21,energy efficient,24,2021,11,3.0,15.898538503049345
780,2021-11-28,energy efficient,22,2021,11,3.0,13.898538503049345
778,2021-11-14,energy efficient,15,2021,11,3.0,6.898538503049345
782,2021-12-12,energy efficient,14,2021,12,3.0,10.1512581334318
783,2021-12-19,energy efficient,18,2021,12,3.0,14.1512581334318
784,2021-12-26,energy efficient,16,2021,12,3.0,12.1512581334318
781,2021-12-05,energy efficient,22,2021,12,3.0,18.1512581334318
825,2022-10-09,energy efficient,58,2022,10,4.0,46.83333333333333
824,2022-10-02,energy efficient,66,2022,10,4.0,54.83333333333333
823,2022-09-25,energy efficient,83,2022,9,4.0,73.64098060465065
822,2022-09-18,energy efficient,56,2022,9,4.0,46.64098060465066
821,2022-09-11,energy efficient,53,2022,9,4.0,43.64098060465066
820,2022-09-04,energy efficient,70,2022,9,4.0,60.64098060465066
819,2022-08-28,energy efficient,100,2022,8,4.0,97.31173053738269
818,2022-08-21,energy efficient,55,2022,8,4.0,52.31173053738268
817,2022-08-14,energy efficient,28,2022,8,4.0,25.31173053738268
816,2022-08-07,energy efficient,31,2022,8,4.0,28.31173053738268
815,2022-07-31,energy efficient,29,2022,7,4.0,31.616467398219328
814,2022-07-24,energy efficient,26,2022,7,4.0,28.616467398219328
826,2022-10-16,energy efficient,51,2022,10,4.0,39.83333333333333
813,2022-07-17,energy efficient,19,2022,7,4.0,21.616467398219328
811,2022-07-03,energy efficient,19,2022,7,4.0,21.616467398219328
810,2022-06-26,energy efficient,20,2022,6,4.0,25.582157075238896
809,2022-06-19,energy efficient,19,2022,6,4.0,24.582157075238896
808,2022-06-12,energy efficient,17,2022,6,4.0,22.582157075238896
807,2022-06-05,energy efficient,19,2022,6,4.0,24.582157075238896
806,2022-05-29,energy efficient,21,2022,5,4.0,25.122401529827165
805,2022-05-22,energy efficient,25,2022,5,4.0,29.122401529827165
804,2022-05-15,energy efficient,17,2022,5,4.0,21.122401529827165
803,2022-05-08,energy efficient,23,2022,5,4.0,27.122401529827165
802,2022-05-01,energy efficient,23,2022,5,4.0,27.122401529827165
801,2022-04-24,energy efficient,24,2022,4,4.0,26.23534164849381
800,2022-04-17,energy efficient,21,2022,4,4.0,23.23534164849381
812,2022-07-10,energy efficient,20,2022,7,4.0,22.616467398219328
799,2022-04-10,energy efficient,30,2022,4,4.0,32.235341648493815
827,2022-10-23,energy efficient,46,2022,10,4.0,34.83333333333333
829,2022-11-06,energy efficient,51,2022,11,4.0,42.898538503049345
828,2022-10-30,energy efficient,58,2022,10,4.0,46.83333333333333
831,2022-11-20,energy efficient,61,2022,11,4.0,52.898538503049345
830,2022-11-13,energy efficient,57,2022,11,4.0,48.898538503049345
798,2022-04-03,energy efficient,45,2022,4,4.0,47.235341648493815
797,2022-03-27,energy efficient,43,2022,3,4.0,45.06790551920983
796,2022-03-20,energy efficient,24,2022,3,4.0,26.067905519209827
795,2022-03-13,energy efficient,25,2022,3,4.0,27.067905519209827
794,2022-03-06,energy efficient,38,2022,3,4.0,40.06790551920983
793,2022-02-27,energy efficient,26,2022,2,4.0,27.360341648493815
792,2022-02-20,energy efficient,24,2022,2,4.0,25.360341648493815
791,2022-02-13,energy efficient,22,2022,2,4.0,23.360341648493815
790,2022-02-06,energy efficient,27,2022,2,4.0,28.360341648493815
789,2022-01-30,energy efficient,35,2022,1,4.0,35.0
788,2022-01-23,energy efficient,25,2022,1,4.0,25.0
787,2022-01-16,energy efficient,30,2022,1,4.0,30.0
786,2022-01-09,energy efficient,22,2022,1,4.0,22.0
785,2022-01-02,energy efficient,25,2022,1,4.0,25.0
1044,2018-12-30,triple glazing,37,2018,12,0.0,47.90411096875496
1043,2018-12-23,triple glazing,14,2018,12,0.0,24.904110968754967
1042,2018-12-16,triple glazing,31,2018,12,0.0,41.90411096875496
1041,2018-12-09,triple glazing,40,2018,12,0.0,50.90411096875496
1040,2018-12-02,triple glazing,29,2018,12,0.0,39.90411096875496
1045,2019-01-06,triple glazing,35,2019,1,1.0,35.0
1074,2019-07-28,triple glazing,48,2019,7,1.0,59.27316072223163
1075,2019-08-04,triple glazing,10,2019,8,1.0,28.83471715877573
1076,2019-08-11,triple glazing,39,2019,8,1.0,57.83471715877573
1077,2019-08-18,triple glazing,15,2019,8,1.0,33.83471715877573
1078,2019-08-25,triple glazing,30,2019,8,1.0,48.83471715877573
1079,2019-09-01,triple glazing,28,2019,9,1.0,34.89300562146362
1080,2019-09-08,triple glazing,30,2019,9,1.0,36.89300562146362
1081,2019-09-15,triple glazing,31,2019,9,1.0,37.89300562146362
1082,2019-09-22,triple glazing,20,2019,9,1.0,26.893005621463622
1083,2019-09-29,triple glazing,38,2019,9,1.0,44.89300562146362
1084,2019-10-06,triple glazing,38,2019,10,1.0,40.166666666666686
1073,2019-07-21,triple glazing,24,2019,7,1.0,35.27316072223163
1085,2019-10-13,triple glazing,33,2019,10,1.0,35.166666666666686
1087,2019-10-27,triple glazing,47,2019,10,1.0,49.166666666666686
1088,2019-11-03,triple glazing,30,2019,11,1.0,37.23905174017615
1089,2019-11-10,triple glazing,48,2019,11,1.0,55.23905174017615
1090,2019-11-17,triple glazing,11,2019,11,1.0,18.23905174017615
1091,2019-11-24,triple glazing,27,2019,11,1.0,34.23905174017615
1092,2019-12-01,triple glazing,17,2019,12,1.0,27.904110968754967
1093,2019-12-08,triple glazing,12,2019,12,1.0,22.904110968754967
1094,2019-12-15,triple glazing,24,2019,12,1.0,34.90411096875496
1095,2019-12-22,triple glazing,21,2019,12,1.0,31.904110968754967
1096,2019-12-29,triple glazing,44,2019,12,1.0,54.90411096875496
1086,2019-10-20,triple glazing,27,2019,10,1.0,29.166666666666686
1072,2019-07-14,triple glazing,22,2019,7,1.0,33.27316072223163
1071,2019-07-07,triple glazing,31,2019,7,1.0,42.27316072223163
1070,2019-06-30,triple glazing,29,2019,6,1.0,47.540064444993014
1046,2019-01-13,triple glazing,44,2019,1,1.0,44.0
1047,2019-01-20,triple glazing,38,2019,1,1.0,38.0
1048,2019-01-27,triple glazing,26,2019,1,1.0,26.0
1049,2019-02-03,triple glazing,52,2019,2,1.0,58.23749493655348
1050,2019-02-10,triple glazing,37,2019,2,1.0,43.23749493655348
1051,2019-02-17,triple glazing,29,2019,2,1.0,35.23749493655348
1052,2019-02-24,triple glazing,64,2019,2,1.0,70.23749493655347
1054,2019-03-10,triple glazing,24,2019,3,1.0,33.66943431755143
1055,2019-03-17,triple glazing,21,2019,3,1.0,30.669434317551428
1056,2019-03-24,triple glazing,13,2019,3,1.0,22.669434317551428
1057,2019-03-31,triple glazing,15,2019,3,1.0,24.669434317551428
1058,2019-04-07,triple glazing,40,2019,4,1.0,55.424994936553546
1059,2019-04-14,triple glazing,38,2019,4,1.0,53.424994936553546
1060,2019-04-21,triple glazing,48,2019,4,1.0,63.424994936553546
1061,2019-04-28,triple glazing,24,2019,4,1.0,39.424994936553546
1062,2019-05-05,triple glazing,22,2019,5,1.0,42.04572221847603
1063,2019-05-12,triple glazing,21,2019,5,1.0,41.04572221847603
1064,2019-05-19,triple glazing,27,2019,5,1.0,47.04572221847603
1065,2019-05-26,triple glazing,17,2019,5,1.0,37.04572221847603
1066,2019-06-02,triple glazing,16,2019,6,1.0,34.540064444993014
1067,2019-06-09,triple glazing,44,2019,6,1.0,62.540064444993014
1068,2019-06-16,triple glazing,12,2019,6,1.0,30.540064444993014
1053,2019-03-03,triple glazing,37,2019,3,1.0,46.66943431755143
1069,2019-06-23,triple glazing,33,2019,6,1.0,51.540064444993014
1129,2020-08-16,triple glazing,29,2020,8,2.0,47.83471715877573
1097,2020-01-05,triple glazing,44,2020,1,2.0,44.0
1099,2020-01-19,triple glazing,49,2020,1,2.0,49.0
1100,2020-01-26,triple glazing,34,2020,1,2.0,34.0
1101,2020-02-02,triple glazing,23,2020,2,2.0,29.23749493655348
1102,2020-02-09,triple glazing,36,2020,2,2.0,42.23749493655348
1103,2020-02-16,triple glazing,29,2020,2,2.0,35.23749493655348
1104,2020-02-23,triple glazing,31,2020,2,2.0,37.23749493655348
1105,2020-03-01,triple glazing,31,2020,3,2.0,40.66943431755143
1106,2020-03-08,triple glazing,39,2020,3,2.0,48.66943431755143
1098,2020-01-12,triple glazing,32,2020,1,2.0,32.0
1128,2020-08-09,triple glazing,13,2020,8,2.0,31.83471715877573
1113,2020-04-26,triple glazing,15,2020,4,2.0,30.424994936553546
1112,2020-04-19,triple glazing,17,2020,4,2.0,32.424994936553546
1111,2020-04-12,triple glazing,29,2020,4,2.0,44.424994936553546
1110,2020-04-05,triple glazing,19,2020,4,2.0,34.424994936553546
1109,2020-03-29,triple glazing,22,2020,3,2.0,31.669434317551428
1107,2020-03-15,triple glazing,21,2020,3,2.0,30.669434317551428
1127,2020-08-02,triple glazing,38,2020,8,2.0,56.83471715877573
1126,2020-07-26,triple glazing,33,2020,7,2.0,44.27316072223163
1125,2020-07-19,triple glazing,24,2020,7,2.0,35.27316072223163
1124,2020-07-12,triple glazing,42,2020,7,2.0,53.27316072223163
1123,2020-07-05,triple glazing,68,2020,7,2.0,79.27316072223162
1122,2020-06-28,triple glazing,17,2020,6,2.0,35.540064444993014
1121,2020-06-21,triple glazing,34,2020,6,2.0,52.540064444993014
1120,2020-06-14,triple glazing,37,2020,6,2.0,55.540064444993014
1119,2020-06-07,triple glazing,20,2020,6,2.0,38.540064444993014
1108,2020-03-22,triple glazing,24,2020,3,2.0,33.66943431755143
1118,2020-05-31,triple glazing,31,2020,5,2.0,51.04572221847603
1130,2020-08-23,triple glazing,29,2020,8,2.0,47.83471715877573
1131,2020-08-30,triple glazing,28,2020,8,2.0,46.83471715877573
1132,2020-09-06,triple glazing,53,2020,9,2.0,59.89300562146362
1133,2020-09-13,triple glazing,29,2020,9,2.0,35.89300562146362
1134,2020-09-20,triple glazing,34,2020,9,2.0,40.89300562146362
1135,2020-09-27,triple glazing,38,2020,9,2.0,44.89300562146362
1136,2020-10-04,triple glazing,50,2020,10,2.0,52.166666666666686
1137,2020-10-11,triple glazing,33,2020,10,2.0,35.166666666666686
1138,2020-10-18,triple glazing,28,2020,10,2.0,30.166666666666686
1139,2020-10-25,triple glazing,38,2020,10,2.0,40.166666666666686
1140,2020-11-01,triple glazing,15,2020,11,2.0,22.23905174017615
1142,2020-11-15,triple glazing,0,2020,11,2.0,7.23905174017615
1143,2020-11-22,triple glazing,38,2020,11,2.0,45.23905174017615
1144,2020-11-29,triple glazing,27,2020,11,2.0,34.23905174017615
1145,2020-12-06,triple glazing,31,2020,12,2.0,41.90411096875497
1146,2020-12-13,triple glazing,0,2020,12,2.0,10.904110968754969
1147,2020-12-20,triple glazing,21,2020,12,2.0,31.90411096875497
1148,2020-12-27,triple glazing,54,2020,12,2.0,64.90411096875496
1141,2020-11-08,triple glazing,17,2020,11,2.0,24.23905174017615
1117,2020-05-24,triple glazing,29,2020,5,2.0,49.04572221847603
1115,2020-05-10,triple glazing,25,2020,5,2.0,45.04572221847603
1116,2020-05-17,triple glazing,9,2020,5,2.0,29.04572221847603
1114,2020-05-03,triple glazing,15,2020,5,2.0,35.04572221847603
1149,2021-01-03,triple glazing,54,2021,1,3.0,54.0
1150,2021-01-10,triple glazing,37,2021,1,3.0,37.0
1151,2021-01-17,triple glazing,30,2021,1,3.0,29.999999999999996
1152,2021-01-24,triple glazing,24,2021,1,3.0,23.999999999999996
1153,2021-01-31,triple glazing,39,2021,1,3.0,39.0
1154,2021-02-07,triple glazing,26,2021,2,3.0,32.237494936553475
1155,2021-02-14,triple glazing,51,2021,2,3.0,57.237494936553475
1156,2021-02-21,triple glazing,31,2021,2,3.0,37.237494936553475
1157,2021-02-28,triple glazing,0,2021,2,3.0,6.237494936553478
1158,2021-03-07,triple glazing,43,2021,3,3.0,52.669434317551435
1159,2021-03-14,triple glazing,46,2021,3,3.0,55.669434317551435
1160,2021-03-21,triple glazing,41,2021,3,3.0,50.669434317551435
1162,2021-04-04,triple glazing,14,2021,4,3.0,29.424994936553546
1163,2021-04-11,triple glazing,40,2021,4,3.0,55.424994936553546
1164,2021-04-18,triple glazing,30,2021,4,3.0,45.424994936553546
1161,2021-03-28,triple glazing,28,2021,3,3.0,37.669434317551435
1179,2021-08-01,triple glazing,32,2021,8,3.0,50.83471715877573
1180,2021-08-08,triple glazing,0,2021,8,3.0,18.83471715877573
1181,2021-08-15,triple glazing,13,2021,8,3.0,31.83471715877573
1182,2021-08-22,triple glazing,0,2021,8,3.0,18.83471715877573
1183,2021-08-29,triple glazing,18,2021,8,3.0,36.83471715877573
1184,2021-09-05,triple glazing,11,2021,9,3.0,17.893005621463626
1185,2021-09-12,triple glazing,33,2021,9,3.0,39.89300562146363
1186,2021-09-19,triple glazing,55,2021,9,3.0,61.89300562146363
1187,2021-09-26,triple glazing,18,2021,9,3.0,24.893005621463626
1188,2021-10-03,triple glazing,19,2021,10,3.0,21.166666666666682
1178,2021-07-25,triple glazing,9,2021,7,3.0,20.273160722231633
1189,2021-10-10,triple glazing,53,2021,10,3.0,55.166666666666686
1191,2021-10-24,triple glazing,34,2021,10,3.0,36.166666666666686
1192,2021-10-31,triple glazing,63,2021,10,3.0,65.16666666666669
1193,2021-11-07,triple glazing,37,2021,11,3.0,44.23905174017615
1194,2021-11-14,triple glazing,38,2021,11,3.0,45.23905174017615
1195,2021-11-21,triple glazing,48,2021,11,3.0,55.23905174017615
1196,2021-11-28,triple glazing,71,2021,11,3.0,78.23905174017615
1197,2021-12-05,triple glazing,48,2021,12,3.0,58.90411096875496
1198,2021-12-12,triple glazing,49,2021,12,3.0,59.90411096875496
1199,2021-12-19,triple glazing,31,2021,12,3.0,41.90411096875496
1200,2021-12-26,triple glazing,16,2021,12,3.0,26.904110968754967
1190,2021-10-17,triple glazing,50,2021,10,3.0,52.166666666666686
1177,2021-07-18,triple glazing,17,2021,7,3.0,28.273160722231633
1176,2021-07-11,triple glazing,25,2021,7,3.0,36.27316072223164
1175,2021-07-04,triple glazing,13,2021,7,3.0,24.273160722231633
1166,2021-05-02,triple glazing,23,2021,5,3.0,43.04572221847603
1167,2021-05-09,triple glazing,37,2021,5,3.0,57.04572221847603
1168,2021-05-16,triple glazing,21,2021,5,3.0,41.04572221847603
1169,2021-05-23,triple glazing,9,2021,5,3.0,29.04572221847603
1170,2021-05-30,triple glazing,14,2021,5,3.0,34.04572221847603
1171,2021-06-06,triple glazing,20,2021,6,3.0,38.540064444993014
1172,2021-06-13,triple glazing,26,2021,6,3.0,44.540064444993014
1173,2021-06-20,triple glazing,11,2021,6,3.0,29.540064444993014
1174,2021-06-27,triple glazing,28,2021,6,3.0,46.540064444993014
1165,2021-04-25,triple glazing,11,2021,4,3.0,26.424994936553546
1216,2022-04-17,triple glazing,9,2022,4,4.0,24.424994936553542
1228,2022-07-10,triple glazing,59,2022,7,4.0,70.27316072223164
1227,2022-07-03,triple glazing,38,2022,7,4.0,49.27316072223164
1226,2022-06-26,triple glazing,16,2022,6,4.0,34.540064444993014
1225,2022-06-19,triple glazing,32,2022,6,4.0,50.540064444993014
1215,2022-04-10,triple glazing,43,2022,4,4.0,58.424994936553546
1217,2022-04-24,triple glazing,37,2022,4,4.0,52.424994936553546
1222,2022-05-29,triple glazing,14,2022,5,4.0,34.04572221847603
1219,2022-05-08,triple glazing,35,2022,5,4.0,55.04572221847603
1220,2022-05-15,triple glazing,27,2022,5,4.0,47.04572221847603
1221,2022-05-22,triple glazing,23,2022,5,4.0,43.04572221847603
1223,2022-06-05,triple glazing,24,2022,6,4.0,42.540064444993014
1224,2022-06-12,triple glazing,22,2022,6,4.0,40.540064444993014
1229,2022-07-17,triple glazing,41,2022,7,4.0,52.27316072223164
1218,2022-05-01,triple glazing,54,2022,5,4.0,74.04572221847603
1230,2022-07-24,triple glazing,29,2022,7,4.0,40.27316072223164
1232,2022-08-07,triple glazing,34,2022,8,4.0,52.83471715877573
1231,2022-07-31,triple glazing,32,2022,7,4.0,43.27316072223164
1233,2022-08-14,triple glazing,28,2022,8,4.0,46.83471715877573
1234,2022-08-21,triple glazing,50,2022,8,4.0,68.83471715877573
1235,2022-08-28,triple glazing,40,2022,8,4.0,58.83471715877573
1236,2022-09-04,triple glazing,37,2022,9,4.0,43.89300562146363
1237,2022-09-11,triple glazing,36,2022,9,4.0,42.89300562146363
1238,2022-09-18,triple glazing,51,2022,9,4.0,57.89300562146363
1239,2022-09-25,triple glazing,77,2022,9,4.0,83.89300562146363
1240,2022-10-02,triple glazing,45,2022,10,4.0,47.166666666666686
1241,2022-10-09,triple glazing,30,2022,10,4.0,32.166666666666686
1242,2022-10-16,triple glazing,64,2022,10,4.0,66.16666666666669
1243,2022-10-23,triple glazing,41,2022,10,4.0,43.166666666666686
1244,2022-10-30,triple glazing,60,2022,10,4.0,62.166666666666686
1245,2022-11-06,triple glazing,47,2022,11,4.0,54.23905174017615
1246,2022-11-13,triple glazing,48,2022,11,4.0,55.23905174017615
1247,2022-11-20,triple glazing,73,2022,11,4.0,80.23905174017615
1214,2022-04-03,triple glazing,37,2022,4,4.0,52.424994936553546
1213,2022-03-27,triple glazing,49,2022,3,4.0,58.669434317551435
1211,2022-03-13,triple glazing,46,2022,3,4.0,55.669434317551435
1210,2022-03-06,triple glazing,54,2022,3,4.0,63.669434317551435
1209,2022-02-27,triple glazing,47,2022,2,4.0,53.237494936553475
1208,2022-02-20,triple glazing,33,2022,2,4.0,39.237494936553475
1207,2022-02-13,triple glazing,45,2022,2,4.0,51.237494936553475
1206,2022-02-06,triple glazing,64,2022,2,4.0,70.23749493655347
1205,2022-01-30,triple glazing,100,2022,1,4.0,100.0
1204,2022-01-23,triple glazing,56,2022,1,4.0,56.0
1203,2022-01-16,triple glazing,52,2022,1,4.0,52.0
1202,2022-01-09,triple glazing,38,2022,1,4.0,38.0
1201,2022-01-02,triple glazing,60,2022,1,4.0,60.0
1212,2022-03-20,triple glazing,50,2022,3,4.0,59.669434317551435
416,2018-12-02,efficient boiler,0,2018,12,0.0,-2.229886566496977
417,2018-12-09,efficient boiler,34,2018,12,0.0,31.770113433503024
418,2018-12-16,efficient boiler,11,2018,12,0.0,8.770113433503024
419,2018-12-23,efficient boiler,0,2018,12,0.0,-2.229886566496977
420,2018-12-30,efficient boiler,41,2018,12,0.0,38.77011343350302
434,2019-04-07,efficient boiler,14,2019,4,1.0,25.867358796985048
433,2019-03-31,efficient boiler,0,2019,3,1.0,-0.39028240602978137
432,2019-03-24,efficient boiler,0,2019,3,1.0,-0.39028240602978137
431,2019-03-17,efficient boiler,65,2019,3,1.0,64.60971759397022
430,2019-03-10,efficient boiler,28,2019,3,1.0,27.609717593970217
429,2019-03-03,efficient boiler,0,2019,3,1.0,-0.39028240602978137
428,2019-02-24,efficient boiler,0,2019,2,1.0,-0.25764120301490223
427,2019-02-17,efficient boiler,0,2019,2,1.0,-0.25764120301490223
426,2019-02-10,efficient boiler,11,2019,2,1.0,10.742358796985098
425,2019-02-03,efficient boiler,38,2019,2,1.0,37.7423587969851
424,2019-01-27,efficient boiler,24,2019,1,1.0,24.0
423,2019-01-20,efficient boiler,28,2019,1,1.0,28.0
422,2019-01-13,efficient boiler,15,2019,1,1.0,15.0
421,2019-01-06,efficient boiler,26,2019,1,1.0,26.0
435,2019-04-14,efficient boiler,27,2019,4,1.0,38.867358796985044
436,2019-04-21,efficient boiler,11,2019,4,1.0,22.867358796985048
439,2019-05-12,efficient boiler,28,2019,5,1.0,39.186932809653555
438,2019-05-05,efficient boiler,12,2019,5,1.0,23.18693280965356
437,2019-04-28,efficient boiler,0,2019,4,1.0,11.867358796985048
462,2019-10-20,efficient boiler,0,2019,10,1.0,-12.22222222222225
461,2019-10-13,efficient boiler,36,2019,10,1.0,23.77777777777775
460,2019-10-06,efficient boiler,0,2019,10,1.0,-12.22222222222225
459,2019-09-29,efficient boiler,22,2019,9,1.0,21.96607019459094
458,2019-09-22,efficient boiler,0,2019,9,1.0,-0.03392980540905732
457,2019-09-15,efficient boiler,10,2019,9,1.0,9.966070194590943
456,2019-09-08,efficient boiler,16,2019,9,1.0,15.966070194590943
455,2019-09-01,efficient boiler,14,2019,9,1.0,13.966070194590943
454,2019-08-25,efficient boiler,12,2019,8,1.0,15.888192130318428
453,2019-08-18,efficient boiler,0,2019,8,1.0,3.888192130318428
452,2019-08-11,efficient boiler,0,2019,8,1.0,3.888192130318428
463,2019-10-27,efficient boiler,46,2019,10,1.0,33.77777777777775
451,2019-08-04,efficient boiler,0,2019,8,1.0,3.888192130318428
449,2019-07-21,efficient boiler,0,2019,7,1.0,12.261294458202782
448,2019-07-14,efficient boiler,0,2019,7,1.0,12.261294458202782
447,2019-07-07,efficient boiler,0,2019,7,1.0,12.261294458202782
446,2019-06-30,efficient boiler,15,2019,6,1.0,29.260187841649753
445,2019-06-23,efficient boiler,0,2019,6,1.0,14.260187841649755
444,2019-06-16,efficient boiler,0,2019,6,1.0,14.260187841649755
443,2019-06-09,efficient boiler,29,2019,6,1.0,43.26018784164975
442,2019-06-02,efficient boiler,0,2019,6,1.0,14.260187841649755
441,2019-05-26,efficient boiler,11,2019,5,1.0,22.18693280965356
440,2019-05-19,efficient boiler,0,2019,5,1.0,11.186932809653559
450,2019-07-28,efficient boiler,12,2019,7,1.0,24.261294458202784
464,2019-11-03,efficient boiler,37,2019,11,1.0,25.304074943593392
465,2019-11-10,efficient boiler,40,2019,11,1.0,28.304074943593392
466,2019-11-17,efficient boiler,23,2019,11,1.0,11.304074943593392
472,2019-12-29,efficient boiler,31,2019,12,1.0,28.770113433503024
471,2019-12-22,efficient boiler,14,2019,12,1.0,11.770113433503024
470,2019-12-15,efficient boiler,26,2019,12,1.0,23.770113433503024
469,2019-12-08,efficient boiler,28,2019,12,1.0,25.770113433503024
468,2019-12-01,efficient boiler,38,2019,12,1.0,35.77011343350303
467,2019-11-24,efficient boiler,25,2019,11,1.0,13.304074943593392
512,2020-10-04,efficient boiler,9,2020,10,2.0,-3.22222222222225
511,2020-09-27,efficient boiler,42,2020,9,2.0,41.96607019459094
510,2020-09-20,efficient boiler,25,2020,9,2.0,24.96607019459094
509,2020-09-13,efficient boiler,12,2020,9,2.0,11.966070194590941
508,2020-09-06,efficient boiler,0,2020,9,2.0,-0.0339298054090591
507,2020-08-30,efficient boiler,0,2020,8,2.0,3.88819213031843
506,2020-08-23,efficient boiler,15,2020,8,2.0,18.88819213031843
505,2020-08-16,efficient boiler,0,2020,8,2.0,3.88819213031843
504,2020-08-09,efficient boiler,14,2020,8,2.0,17.88819213031843
503,2020-08-02,efficient boiler,0,2020,8,2.0,3.88819213031843
502,2020-07-26,efficient boiler,21,2020,7,2.0,33.261294458202784
501,2020-07-19,efficient boiler,36,2020,7,2.0,48.261294458202784
500,2020-07-12,efficient boiler,0,2020,7,2.0,12.261294458202782
499,2020-07-05,efficient boiler,49,2020,7,2.0,61.261294458202784
498,2020-06-28,efficient boiler,18,2020,6,2.0,32.26018784164975
513,2020-10-11,efficient boiler,24,2020,10,2.0,11.77777777777775
514,2020-10-18,efficient boiler,30,2020,10,2.0,17.77777777777775
516,2020-11-01,efficient boiler,16,2020,11,2.0,4.304074943593392
524,2020-12-27,efficient boiler,27,2020,12,2.0,24.770113433503024
522,2020-12-13,efficient boiler,0,2020,12,2.0,-2.229886566496976
521,2020-12-06,efficient boiler,0,2020,12,2.0,-2.229886566496976
520,2020-11-29,efficient boiler,27,2020,11,2.0,15.304074943593392
519,2020-11-22,efficient boiler,20,2020,11,2.0,8.304074943593392
518,2020-11-15,efficient boiler,10,2020,11,2.0,-1.6959250564066082
517,2020-11-08,efficient boiler,35,2020,11,2.0,23.304074943593392
515,2020-10-25,efficient boiler,48,2020,10,2.0,35.77777777777775
490,2020-05-03,efficient boiler,11,2020,5,2.0,22.18693280965356
491,2020-05-10,efficient boiler,11,2020,5,2.0,22.18693280965356
492,2020-05-17,efficient boiler,0,2020,5,2.0,11.186932809653559
493,2020-05-24,efficient boiler,15,2020,5,2.0,26.18693280965356
494,2020-05-31,efficient boiler,11,2020,5,2.0,22.18693280965356
495,2020-06-07,efficient boiler,0,2020,6,2.0,14.260187841649755
496,2020-06-14,efficient boiler,15,2020,6,2.0,29.260187841649753
497,2020-06-21,efficient boiler,0,2020,6,2.0,14.260187841649755
489,2020-04-26,efficient boiler,12,2020,4,2.0,23.867358796985048
488,2020-04-19,efficient boiler,12,2020,4,2.0,23.867358796985048
487,2020-04-12,efficient boiler,0,2020,4,2.0,11.867358796985048
486,2020-04-05,efficient boiler,0,2020,4,2.0,11.867358796985048
473,2020-01-05,efficient boiler,0,2020,1,2.0,0.0
474,2020-01-12,efficient boiler,23,2020,1,2.0,23.0
475,2020-01-19,efficient boiler,31,2020,1,2.0,31.0
476,2020-01-26,efficient boiler,0,2020,1,2.0,0.0
478,2020-02-09,efficient boiler,0,2020,2,2.0,-0.25764120301490223
479,2020-02-16,efficient boiler,0,2020,2,2.0,-0.25764120301490223
480,2020-02-23,efficient boiler,20,2020,2,2.0,19.742358796985098
481,2020-03-01,efficient boiler,0,2020,3,2.0,-0.39028240602978315
482,2020-03-08,efficient boiler,28,2020,3,2.0,27.609717593970217
483,2020-03-15,efficient boiler,12,2020,3,2.0,11.609717593970217
484,2020-03-22,efficient boiler,28,2020,3,2.0,27.609717593970217
485,2020-03-29,efficient boiler,0,2020,3,2.0,-0.39028240602978315
477,2020-02-02,efficient boiler,28,2020,2,2.0,27.742358796985098
523,2020-12-20,efficient boiler,33,2020,12,2.0,30.770113433503024
537,2021-03-28,efficient boiler,27,2021,3,3.0,26.60971759397022
538,2021-04-04,efficient boiler,0,2021,4,3.0,11.867358796985048
539,2021-04-11,efficient boiler,20,2021,4,3.0,31.867358796985048
540,2021-04-18,efficient boiler,15,2021,4,3.0,26.867358796985048
541,2021-04-25,efficient boiler,45,2021,4,3.0,56.867358796985044
542,2021-05-02,efficient boiler,12,2021,5,3.0,23.18693280965356
543,2021-05-09,efficient boiler,28,2021,5,3.0,39.186932809653555
544,2021-05-16,efficient boiler,24,2021,5,3.0,35.186932809653555
545,2021-05-23,efficient boiler,14,2021,5,3.0,25.18693280965356
546,2021-05-30,efficient boiler,12,2021,5,3.0,23.18693280965356
536,2021-03-21,efficient boiler,0,2021,3,3.0,-0.3902824060297796
547,2021-06-06,efficient boiler,0,2021,6,3.0,14.260187841649756
549,2021-06-20,efficient boiler,10,2021,6,3.0,24.260187841649756
550,2021-06-27,efficient boiler,9,2021,6,3.0,23.260187841649756
551,2021-07-04,efficient boiler,0,2021,7,3.0,12.26129445820278
552,2021-07-11,efficient boiler,0,2021,7,3.0,12.26129445820278
553,2021-07-18,efficient boiler,20,2021,7,3.0,32.261294458202784
554,2021-07-25,efficient boiler,24,2021,7,3.0,36.261294458202784
555,2021-08-01,efficient boiler,0,2021,8,3.0,3.8881921303184264
556,2021-08-08,efficient boiler,23,2021,8,3.0,26.888192130318426
557,2021-08-15,efficient boiler,26,2021,8,3.0,29.888192130318426
558,2021-08-22,efficient boiler,12,2021,8,3.0,15.888192130318426
548,2021-06-13,efficient boiler,0,2021,6,3.0,14.260187841649756
559,2021-08-29,efficient boiler,43,2021,8,3.0,46.88819213031843
535,2021-03-14,efficient boiler,26,2021,3,3.0,25.60971759397022
533,2021-02-28,efficient boiler,31,2021,2,3.0,30.742358796985098
534,2021-03-07,efficient boiler,0,2021,3,3.0,-0.3902824060297796
525,2021-01-03,efficient boiler,29,2021,1,3.0,29.0
526,2021-01-10,efficient boiler,43,2021,1,3.0,43.0
527,2021-01-17,efficient boiler,26,2021,1,3.0,26.0
528,2021-01-24,efficient boiler,44,2021,1,3.0,44.0
529,2021-01-31,efficient boiler,21,2021,1,3.0,21.0
530,2021-02-07,efficient boiler,45,2021,2,3.0,44.7423587969851
531,2021-02-14,efficient boiler,26,2021,2,3.0,25.742358796985098
532,2021-02-21,efficient boiler,22,2021,2,3.0,21.742358796985098
560,2021-09-05,efficient boiler,0,2021,9,3.0,-0.03392980540905555
561,2021-09-12,efficient boiler,12,2021,9,3.0,11.966070194590944
562,2021-09-19,efficient boiler,49,2021,9,3.0,48.96607019459094
563,2021-09-26,efficient boiler,18,2021,9,3.0,17.966070194590944
564,2021-10-03,efficient boiler,62,2021,10,3.0,49.77777777777776
565,2021-10-10,efficient boiler,55,2021,10,3.0,42.77777777777776
566,2021-10-17,efficient boiler,60,2021,10,3.0,47.77777777777776
567,2021-10-24,efficient boiler,24,2021,10,3.0,11.777777777777754
568,2021-10-31,efficient boiler,40,2021,10,3.0,27.777777777777754
569,2021-11-07,efficient boiler,49,2021,11,3.0,37.30407494359339
570,2021-11-14,efficient boiler,40,2021,11,3.0,28.30407494359339
571,2021-11-21,efficient boiler,31,2021,11,3.0,19.30407494359339
572,2021-11-28,efficient boiler,55,2021,11,3.0,43.30407494359339
573,2021-12-05,efficient boiler,10,2021,12,3.0,7.770113433503024
574,2021-12-12,efficient boiler,0,2021,12,3.0,-2.229886566496976
575,2021-12-19,efficient boiler,19,2021,12,3.0,16.770113433503024
576,2021-12-26,efficient boiler,35,2021,12,3.0,32.77011343350303
607,2022-07-31,efficient boiler,41,2022,7,4.0,53.261294458202784
596,2022-05-15,efficient boiler,19,2022,5,4.0,30.18693280965356
597,2022-05-22,efficient boiler,27,2022,5,4.0,38.186932809653555
598,2022-05-29,efficient boiler,15,2022,5,4.0,26.18693280965356
599,2022-06-05,efficient boiler,26,2022,6,4.0,40.26018784164975
600,2022-06-12,efficient boiler,15,2022,6,4.0,29.260187841649753
601,2022-06-19,efficient boiler,42,2022,6,4.0,56.26018784164975
602,2022-06-26,efficient boiler,25,2022,6,4.0,39.26018784164975
603,2022-07-03,efficient boiler,0,2022,7,4.0,12.261294458202784
604,2022-07-10,efficient boiler,0,2022,7,4.0,12.261294458202784
605,2022-07-17,efficient boiler,34,2022,7,4.0,46.261294458202784
623,2022-11-20,efficient boiler,71,2022,11,4.0,59.30407494359339
622,2022-11-13,efficient boiler,91,2022,11,4.0,79.30407494359339
595,2022-05-08,efficient boiler,44,2022,5,4.0,55.186932809653555
621,2022-11-06,efficient boiler,32,2022,11,4.0,20.304074943593392
619,2022-10-23,efficient boiler,25,2022,10,4.0,12.77777777777775
618,2022-10-16,efficient boiler,97,2022,10,4.0,84.77777777777774
617,2022-10-09,efficient boiler,46,2022,10,4.0,33.77777777777775
616,2022-10-02,efficient boiler,62,2022,10,4.0,49.77777777777775
615,2022-09-25,efficient boiler,72,2022,9,4.0,71.96607019459094
614,2022-09-18,efficient boiler,32,2022,9,4.0,31.96607019459094
613,2022-09-11,efficient boiler,48,2022,9,4.0,47.96607019459094
612,2022-09-04,efficient boiler,75,2022,9,4.0,74.96607019459094
611,2022-08-28,efficient boiler,100,2022,8,4.0,103.88819213031843
610,2022-08-21,efficient boiler,83,2022,8,4.0,86.88819213031843
609,2022-08-14,efficient boiler,45,2022,8,4.0,48.88819213031843
608,2022-08-07,efficient boiler,44,2022,8,4.0,47.88819213031843
620,2022-10-30,efficient boiler,61,2022,10,4.0,48.77777777777775
594,2022-05-01,efficient boiler,21,2022,5,4.0,32.186932809653555
593,2022-04-24,efficient boiler,16,2022,4,4.0,27.867358796985048
592,2022-04-17,efficient boiler,12,2022,4,4.0,23.867358796985048
577,2022-01-02,efficient boiler,31,2022,1,4.0,31.0
578,2022-01-09,efficient boiler,29,2022,1,4.0,29.0
579,2022-01-16,efficient boiler,29,2022,1,4.0,29.0
580,2022-01-23,efficient boiler,52,2022,1,4.0,52.0
581,2022-01-30,efficient boiler,54,2022,1,4.0,54.0
582,2022-02-06,efficient boiler,74,2022,2,4.0,73.7423587969851
583,2022-02-13,efficient boiler,44,2022,2,4.0,43.7423587969851
584,2022-02-20,efficient boiler,55,2022,2,4.0,54.7423587969851
585,2022-02-27,efficient boiler,43,2022,2,4.0,42.7423587969851
586,2022-03-06,efficient boiler,82,2022,3,4.0,81.60971759397022
587,2022-03-13,efficient boiler,47,2022,3,4.0,46.60971759397022
588,2022-03-20,efficient boiler,44,2022,3,4.0,43.60971759397022
589,2022-03-27,efficient boiler,89,2022,3,4.0,88.60971759397022
590,2022-04-03,efficient boiler,59,2022,4,4.0,70.86735879698504
591,2022-04-10,efficient boiler,0,2022,4,4.0,11.867358796985048
606,2022-07-24,efficient boiler,28,2022,7,4.0,40.261294458202784
836,2018-12-30,double glazing,50,2018,12,0.0,67.49718510208517
835,2018-12-23,double glazing,31,2018,12,0.0,48.49718510208517
834,2018-12-16,double glazing,38,2018,12,0.0,55.49718510208517
833,2018-12-09,double glazing,44,2018,12,0.0,61.49718510208517
832,2018-12-02,double glazing,50,2018,12,0.0,67.49718510208517
867,2019-08-04,double glazing,46,2019,8,1.0,44.15125925170473
868,2019-08-11,double glazing,62,2019,8,1.0,60.15125925170473
869,2019-08-18,double glazing,49,2019,8,1.0,47.15125925170473
870,2019-08-25,double glazing,53,2019,8,1.0,51.15125925170473
871,2019-09-01,double glazing,53,2019,9,1.0,51.87758604309113
872,2019-09-08,double glazing,52,2019,9,1.0,50.87758604309113
873,2019-09-15,double glazing,51,2019,9,1.0,49.87758604309113
874,2019-09-22,double glazing,50,2019,9,1.0,48.87758604309113
875,2019-09-29,double glazing,59,2019,9,1.0,57.87758604309113
876,2019-10-06,double glazing,55,2019,10,1.0,52.500000000000036
877,2019-10-13,double glazing,49,2019,10,1.0,46.500000000000036
880,2019-11-03,double glazing,60,2019,11,1.0,63.828370354316945
879,2019-10-27,double glazing,58,2019,10,1.0,55.500000000000036
866,2019-07-28,double glazing,51,2019,7,1.0,51.43146840803078
881,2019-11-10,double glazing,54,2019,11,1.0,57.828370354316945
882,2019-11-17,double glazing,49,2019,11,1.0,52.828370354316945
883,2019-11-24,double glazing,38,2019,11,1.0,41.828370354316945
884,2019-12-01,double glazing,43,2019,12,1.0,60.49718510208517
885,2019-12-08,double glazing,33,2019,12,1.0,50.49718510208517
886,2019-12-15,double glazing,37,2019,12,1.0,54.49718510208517
887,2019-12-22,double glazing,25,2019,12,1.0,42.49718510208517
888,2019-12-29,double glazing,42,2019,12,1.0,59.49718510208517
878,2019-10-20,double glazing,55,2019,10,1.0,52.500000000000036
865,2019-07-21,double glazing,56,2019,7,1.0,56.43146840803078
863,2019-07-07,double glazing,47,2019,7,1.0,47.43146840803078
857,2019-05-26,double glazing,50,2019,5,1.0,56.027703701516884
858,2019-06-02,double glazing,47,2019,6,1.0,52.46582133720878
859,2019-06-09,double glazing,53,2019,6,1.0,58.46582133720878
860,2019-06-16,double glazing,42,2019,6,1.0,47.46582133720878
861,2019-06-23,double glazing,53,2019,6,1.0,58.46582133720878
862,2019-06-30,double glazing,45,2019,6,1.0,50.46582133720878
864,2019-07-14,double glazing,45,2019,7,1.0,45.43146840803078
837,2019-01-06,double glazing,59,2019,1,1.0,59.0
838,2019-01-13,double glazing,59,2019,1,1.0,59.0
839,2019-01-20,double glazing,60,2019,1,1.0,60.0
840,2019-01-27,double glazing,60,2019,1,1.0,60.0
841,2019-02-03,double glazing,62,2019,2,1.0,58.40820369614918
842,2019-02-10,double glazing,53,2019,2,1.0,49.40820369614918
843,2019-02-17,double glazing,58,2019,2,1.0,54.40820369614918
844,2019-02-24,double glazing,55,2019,2,1.0,51.40820369614918
845,2019-03-03,double glazing,59,2019,3,1.0,60.58029628118723
846,2019-03-10,double glazing,61,2019,3,1.0,62.58029628118723
847,2019-03-17,double glazing,56,2019,3,1.0,57.58029628118723
848,2019-03-24,double glazing,67,2019,3,1.0,68.58029628118723
849,2019-03-31,double glazing,62,2019,3,1.0,63.58029628118723
850,2019-04-07,double glazing,63,2019,4,1.0,64.47070369614917
851,2019-04-14,double glazing,58,2019,4,1.0,59.470703696149165
852,2019-04-21,double glazing,58,2019,4,1.0,59.470703696149165
853,2019-04-28,double glazing,54,2019,4,1.0,55.470703696149165
854,2019-05-05,double glazing,55,2019,5,1.0,61.027703701516884
855,2019-05-12,double glazing,53,2019,5,1.0,59.027703701516884
856,2019-05-19,double glazing,50,2019,5,1.0,56.027703701516884
914,2020-06-28,double glazing,68,2020,6,2.0,73.46582133720878
915,2020-07-05,double glazing,100,2020,7,2.0,100.43146840803078
916,2020-07-12,double glazing,77,2020,7,2.0,77.43146840803078
917,2020-07-19,double glazing,70,2020,7,2.0,70.43146840803078
918,2020-07-26,double glazing,73,2020,7,2.0,73.43146840803078
919,2020-08-02,double glazing,72,2020,8,2.0,70.15125925170473
920,2020-08-09,double glazing,75,2020,8,2.0,73.15125925170473
921,2020-08-16,double glazing,70,2020,8,2.0,68.15125925170473
922,2020-08-23,double glazing,74,2020,8,2.0,72.15125925170473
923,2020-08-30,double glazing,84,2020,8,2.0,82.15125925170473
913,2020-06-21,double glazing,65,2020,6,2.0,70.46582133720878
924,2020-09-06,double glazing,76,2020,9,2.0,74.87758604309113
925,2020-09-13,double glazing,69,2020,9,2.0,67.87758604309113
912,2020-06-14,double glazing,62,2020,6,2.0,67.46582133720878
911,2020-06-07,double glazing,55,2020,6,2.0,60.46582133720878
935,2020-11-22,double glazing,58,2020,11,2.0,61.828370354316945
936,2020-11-29,double glazing,49,2020,11,2.0,52.828370354316945
937,2020-12-06,double glazing,44,2020,12,2.0,61.49718510208517
938,2020-12-13,double glazing,49,2020,12,2.0,66.49718510208517
939,2020-12-20,double glazing,39,2020,12,2.0,56.49718510208517
940,2020-12-27,double glazing,58,2020,12,2.0,75.49718510208517
934,2020-11-15,double glazing,62,2020,11,2.0,65.82837035431695
933,2020-11-08,double glazing,55,2020,11,2.0,58.828370354316945
931,2020-10-25,double glazing,62,2020,10,2.0,59.500000000000036
932,2020-11-01,double glazing,66,2020,11,2.0,69.82837035431695
928,2020-10-04,double glazing,81,2020,10,2.0,78.50000000000004
929,2020-10-11,double glazing,74,2020,10,2.0,71.50000000000004
930,2020-10-18,double glazing,67,2020,10,2.0,64.50000000000004
910,2020-05-31,double glazing,64,2020,5,2.0,70.02770370151688
889,2020-01-05,double glazing,46,2020,1,2.0,46.0
890,2020-01-12,double glazing,56,2020,1,2.0,56.0
891,2020-01-19,double glazing,58,2020,1,2.0,58.0
892,2020-01-26,double glazing,56,2020,1,2.0,56.0
893,2020-02-02,double glazing,51,2020,2,2.0,47.40820369614918
894,2020-02-09,double glazing,63,2020,2,2.0,59.40820369614918
895,2020-02-16,double glazing,63,2020,2,2.0,59.40820369614918
896,2020-02-23,double glazing,60,2020,2,2.0,56.40820369614918
897,2020-03-01,double glazing,56,2020,3,2.0,57.58029628118723
927,2020-09-27,double glazing,77,2020,9,2.0,75.87758604309113
898,2020-03-08,double glazing,49,2020,3,2.0,50.58029628118723
900,2020-03-22,double glazing,37,2020,3,2.0,38.58029628118723
901,2020-03-29,double glazing,27,2020,3,2.0,28.580296281187234
902,2020-04-05,double glazing,37,2020,4,2.0,38.470703696149165
903,2020-04-12,double glazing,36,2020,4,2.0,37.470703696149165
904,2020-04-19,double glazing,49,2020,4,2.0,50.470703696149165
905,2020-04-26,double glazing,41,2020,4,2.0,42.470703696149165
906,2020-05-03,double glazing,44,2020,5,2.0,50.027703701516884
907,2020-05-10,double glazing,51,2020,5,2.0,57.027703701516884
908,2020-05-17,double glazing,56,2020,5,2.0,62.027703701516884
909,2020-05-24,double glazing,55,2020,5,2.0,61.027703701516884
899,2020-03-15,double glazing,38,2020,3,2.0,39.58029628118723
926,2020-09-20,double glazing,75,2020,9,2.0,73.87758604309113
952,2021-03-21,double glazing,80,2021,3,3.0,81.58029628118723
948,2021-02-21,double glazing,78,2021,2,3.0,74.40820369614917
947,2021-02-14,double glazing,71,2021,2,3.0,67.40820369614917
946,2021-02-07,double glazing,80,2021,2,3.0,76.40820369614917
949,2021-02-28,double glazing,66,2021,2,3.0,62.40820369614918
945,2021-01-31,double glazing,63,2021,1,3.0,63.0
950,2021-03-07,double glazing,68,2021,3,3.0,69.58029628118723
951,2021-03-14,double glazing,68,2021,3,3.0,69.58029628118723
953,2021-03-28,double glazing,72,2021,3,3.0,73.58029628118723
955,2021-04-11,double glazing,74,2021,4,3.0,75.47070369614916
956,2021-04-18,double glazing,79,2021,4,3.0,80.47070369614916
957,2021-04-25,double glazing,68,2021,4,3.0,69.47070369614916
944,2021-01-24,double glazing,63,2021,1,3.0,63.0
958,2021-05-02,double glazing,66,2021,5,3.0,72.02770370151688
959,2021-05-09,double glazing,55,2021,5,3.0,61.027703701516884
960,2021-05-16,double glazing,50,2021,5,3.0,56.027703701516884
961,2021-05-23,double glazing,53,2021,5,3.0,59.027703701516884
962,2021-05-30,double glazing,65,2021,5,3.0,71.02770370151688
954,2021-04-04,double glazing,78,2021,4,3.0,79.47070369614916
943,2021-01-17,double glazing,60,2021,1,3.0,60.0
941,2021-01-03,double glazing,60,2021,1,3.0,60.0
963,2021-06-06,double glazing,57,2021,6,3.0,62.46582133720878
942,2021-01-10,double glazing,62,2021,1,3.0,62.0
964,2021-06-13,double glazing,59,2021,6,3.0,64.46582133720878
966,2021-06-27,double glazing,54,2021,6,3.0,59.46582133720878
990,2021-12-12,double glazing,38,2021,12,3.0,55.49718510208517
989,2021-12-05,double glazing,47,2021,12,3.0,64.49718510208517
988,2021-11-28,double glazing,51,2021,11,3.0,54.828370354316945
987,2021-11-21,double glazing,62,2021,11,3.0,65.82837035431695
986,2021-11-14,double glazing,49,2021,11,3.0,52.828370354316945
985,2021-11-07,double glazing,56,2021,11,3.0,59.828370354316945
984,2021-10-31,double glazing,71,2021,10,3.0,68.50000000000003
983,2021-10-24,double glazing,59,2021,10,3.0,56.500000000000036
982,2021-10-17,double glazing,66,2021,10,3.0,63.500000000000036
981,2021-10-10,double glazing,56,2021,10,3.0,53.500000000000036
980,2021-10-03,double glazing,63,2021,10,3.0,60.500000000000036
991,2021-12-19,double glazing,31,2021,12,3.0,48.49718510208517
979,2021-09-26,double glazing,64,2021,9,3.0,62.87758604309113
977,2021-09-12,double glazing,53,2021,9,3.0,51.87758604309113
976,2021-09-05,double glazing,51,2021,9,3.0,49.87758604309113
975,2021-08-29,double glazing,50,2021,8,3.0,48.15125925170473
974,2021-08-22,double glazing,58,2021,8,3.0,56.15125925170473
973,2021-08-15,double glazing,54,2021,8,3.0,52.15125925170473
972,2021-08-08,double glazing,58,2021,8,3.0,56.15125925170473
971,2021-08-01,double glazing,52,2021,8,3.0,50.15125925170473
970,2021-07-25,double glazing,49,2021,7,3.0,49.43146840803078
969,2021-07-18,double glazing,61,2021,7,3.0,61.43146840803078
968,2021-07-11,double glazing,50,2021,7,3.0,50.43146840803078
967,2021-07-04,double glazing,52,2021,7,3.0,52.43146840803078
978,2021-09-19,double glazing,54,2021,9,3.0,52.87758604309113
992,2021-12-26,double glazing,38,2021,12,3.0,55.49718510208517
965,2021-06-20,double glazing,52,2021,6,3.0,57.46582133720878
1031,2022-09-25,double glazing,60,2022,9,4.0,58.87758604309113
1039,2022-11-20,double glazing,69,2022,11,4.0,72.82837035431695
1038,2022-11-13,double glazing,49,2022,11,4.0,52.828370354316945
1037,2022-11-06,double glazing,49,2022,11,4.0,52.828370354316945
1036,2022-10-30,double glazing,65,2022,10,4.0,62.500000000000036
1035,2022-10-23,double glazing,50,2022,10,4.0,47.500000000000036
1034,2022-10-16,double glazing,57,2022,10,4.0,54.500000000000036
1033,2022-10-09,double glazing,61,2022,10,4.0,58.500000000000036
999,2022-02-13,double glazing,55,2022,2,4.0,51.40820369614918
998,2022-02-06,double glazing,62,2022,2,4.0,58.40820369614918
997,2022-01-30,double glazing,59,2022,1,4.0,59.0
996,2022-01-23,double glazing,53,2022,1,4.0,53.0
995,2022-01-16,double glazing,58,2022,1,4.0,58.0
994,2022-01-09,double glazing,64,2022,1,4.0,64.0
993,2022-01-02,double glazing,59,2022,1,4.0,59.0
1000,2022-02-20,double glazing,63,2022,2,4.0,59.40820369614918
1001,2022-02-27,double glazing,55,2022,2,4.0,51.40820369614918
1002,2022-03-06,double glazing,52,2022,3,4.0,53.58029628118723
1003,2022-03-13,double glazing,57,2022,3,4.0,58.58029628118723
1030,2022-09-18,double glazing,54,2022,9,4.0,52.87758604309113
1029,2022-09-11,double glazing,58,2022,9,4.0,56.87758604309113
1028,2022-09-04,double glazing,59,2022,9,4.0,57.87758604309113
1027,2022-08-28,double glazing,55,2022,8,4.0,53.15125925170473
1026,2022-08-21,double glazing,60,2022,8,4.0,58.15125925170473
1025,2022-08-14,double glazing,61,2022,8,4.0,59.15125925170473
1024,2022-08-07,double glazing,55,2022,8,4.0,53.15125925170473
1023,2022-07-31,double glazing,51,2022,7,4.0,51.43146840803078
1022,2022-07-24,double glazing,57,2022,7,4.0,57.43146840803078
1021,2022-07-17,double glazing,52,2022,7,4.0,52.43146840803078
1020,2022-07-10,double glazing,49,2022,7,4.0,49.43146840803078
1019,2022-07-03,double glazing,49,2022,7,4.0,49.43146840803078
1018,2022-06-26,double glazing,40,2022,6,4.0,45.46582133720878
1017,2022-06-19,double glazing,51,2022,6,4.0,56.46582133720878
1016,2022-06-12,double glazing,50,2022,6,4.0,55.46582133720878
1015,2022-06-05,double glazing,50,2022,6,4.0,55.46582133720878
1014,2022-05-29,double glazing,43,2022,5,4.0,49.027703701516884
1013,2022-05-22,double glazing,49,2022,5,4.0,55.027703701516884
1012,2022-05-15,double glazing,45,2022,5,4.0,51.027703701516884
1011,2022-05-08,double glazing,47,2022,5,4.0,53.027703701516884
1010,2022-05-01,double glazing,48,2022,5,4.0,54.027703701516884
1009,2022-04-24,double glazing,55,2022,4,4.0,56.470703696149165
1008,2022-04-17,double glazing,55,2022,4,4.0,56.470703696149165
1007,2022-04-10,double glazing,50,2022,4,4.0,51.470703696149165
1006,2022-04-03,double glazing,59,2022,4,4.0,60.470703696149165
1005,2022-03-27,double glazing,59,2022,3,4.0,60.58029628118723
1004,2022-03-20,double glazing,58,2022,3,4.0,59.58029628118723
1032,2022-10-02,double glazing,51,2022,10,4.0,48.500000000000036
